{
	"groups":[
	{
		"keys":"mcdata_json,mcdata_png,number_fnt,woman1_jpg,woman2_jpg,woman3_jpg",
		"name":"res"
	}],
	"resources":[
	{
		"name":"mcdata_json",
		"type":"json",
		"url":"gameres/mcdata.json"
	},
	{
		"name":"mcdata_png",
		"type":"image",
		"url":"gameres/mcdata.png"
	},
	{
		"name":"number_fnt",
		"type":"font",
		"url":"gameres/number.fnt"
	},
	{
		"name":"woman1_jpg",
		"type":"image",
		"url":"gameres/woman1.jpg"
	},
	{
		"name":"woman2_jpg",
		"type":"image",
		"url":"gameres/woman2.jpg"
	},
	{
		"name":"woman3_jpg",
		"type":"image",
		"url":"gameres/woman3.jpg"
	}]
}