{
	"groups":[
	{
		"keys":"map_jpg,player_png,l1,map_json",
		"name":"preload"
	},
	{
		"keys":"1_png,2_png,3_png,4_png,5_png,6_png,7_png,8_png,9_png,10_png,11_png,12_png,bg1,0_png",
		"name":"level1"
	}],
	"resources":[
	{
		"name":"map_jpg",
		"type":"image",
		"url":"assets/map.jpg"
	},
	{
		"name":"player_png",
		"type":"image",
		"url":"assets/player.png"
	},
	{
		"name":"l1",
		"type":"json",
		"url":"assets/l1.json"
	},
	{
		"name":"map_json",
		"type":"json",
		"url":"assets/map.json"
	},
	{
		"name":"1_png",
		"type":"image",
		"url":"assets/imgs/1.png"
	},
	{
		"name":"2_png",
		"type":"image",
		"url":"assets/imgs/2.png"
	},
	{
		"name":"3_png",
		"type":"image",
		"url":"assets/imgs/3.png"
	},
	{
		"name":"4_png",
		"type":"image",
		"url":"assets/imgs/4.png"
	},
	{
		"name":"5_png",
		"type":"image",
		"url":"assets/imgs/5.png"
	},
	{
		"name":"6_png",
		"type":"image",
		"url":"assets/imgs/6.png"
	},
	{
		"name":"7_png",
		"type":"image",
		"url":"assets/imgs/7.png"
	},
	{
		"name":"8_png",
		"type":"image",
		"url":"assets/imgs/8.png"
	},
	{
		"name":"9_png",
		"type":"image",
		"url":"assets/imgs/9.png"
	},
	{
		"name":"10_png",
		"type":"image",
		"url":"assets/imgs/10.png"
	},
	{
		"name":"11_png",
		"type":"image",
		"url":"assets/imgs/11.png"
	},
	{
		"name":"12_png",
		"type":"image",
		"url":"assets/imgs/12.png"
	},
	{
		"name":"bg1",
		"type":"image",
		"url":"assets/imgs/bg1.jpg"
	},
	{
		"name":"0_png",
		"type":"image",
		"url":"assets/imgs/0.png"
	}]
}