{"mc":{
	"sprite1_up":{
		"frameRate":24,
		"frames":[
			
			{
			"res":"F87FB6CE",
			"x":0,
			"y":0
			},
			{
			"res":"45ABA0BB",
			"x":0,
			"y":0
			},
			{
			"res":"2105A3AB",
			"x":0,
			"y":0
			},
			{
			"res":"3FADBB0D",
			"x":0,
			"y":0
			},
			{
			"res":"5D3C7581",
			"x":0,
			"y":0
			},
			{
			"res":"747E5380",
			"x":0,
			"y":0
			},
			{
			"res":"AF5220FA",
			"x":0,
			"y":0
			},
			{
			"res":"A65AC1F5",
			"x":0,
			"y":0
			},
			{
			"res":"52850B76",
			"x":0,
			"y":0
			},
			{
			"res":"A42170C",
			"x":0,
			"y":0
			},
			{
			"res":"65AD0C9B",
			"x":0,
			"y":0
			},
			{
			"res":"1EC78B16",
			"x":0,
			"y":0
			},
			{
			"res":"CEB44DB2",
			"x":0,
			"y":0
			},
			{
			"res":"7EFA60CF",
			"x":0,
			"y":0
			},
			{
			"res":"B4EA3492",
			"x":0,
			"y":0
			},
			{
			"res":"AC5AC317",
			"x":0,
			"y":0
			},
			{
			"res":"568F554",
			"x":0,
			"y":0
			},
			{
			"res":"168BC51B",
			"x":0,
			"y":0
			},
			{
			"res":"8F6EA7F8",
			"x":0,
			"y":0
			},
			{
			"res":"ADE85669",
			"x":0,
			"y":0
			},
			{
			"res":"EAB8FDA5",
			"x":0,
			"y":0
			},
			{
			"res":"9DCAE0AF",
			"x":0,
			"y":0
			},
			{
			"res":"F8B7E883",
			"x":0,
			"y":0
			},
			{
			"res":"28C6EE88",
			"x":0,
			"y":0
			},
			{
			"res":"885F30AD",
			"x":0,
			"y":0
			},
			{
			"res":"196948B2",
			"x":0,
			"y":0
			},
			{
			"res":"F99F8E7E",
			"x":0,
			"y":0
			},
			{
			"res":"88C2B846",
			"x":0,
			"y":0
			},
			{
			"res":"EF261CF",
			"x":0,
			"y":0
			},
			{
			"res":"EA3E214C",
			"x":0,
			"y":0
			},
			{
			"res":"DBF1DD10",
			"x":0,
			"y":0
			},
			{
			"res":"C7E0C4DD",
			"x":0,
			"y":0
			},
			{
			"res":"D591ABE9",
			"x":0,
			"y":0
			},
			{
			"res":"6BBDD422",
			"x":0,
			"y":0
			},
			{
			"res":"A76E787B",
			"x":0,
			"y":0
			},
			{
			"res":"7FFC523",
			"x":0,
			"y":0
			},
			{
			"res":"D49632B",
			"x":0,
			"y":0
			},
			{
			"res":"90A694A5",
			"x":0,
			"y":0
			},
			{
			"res":"CD11A3C0",
			"x":0,
			"y":0
			},
			{
			"res":"513C2005",
			"x":0,
			"y":0
			},
			{
			"res":"FA82E7D1",
			"x":0,
			"y":0
			}
			]
}},
	"res":{
		"F87FB6CE":{"x":170,"y":1,"w":37,"h":57},
		"45ABA0BB":{"x":250,"y":60,"w":36,"h":57},
		"2105A3AB":{"x":288,"y":60,"w":36,"h":57},
		"3FADBB0D":{"x":250,"y":1,"w":37,"h":57},
		"5D3C7581":{"x":247,"y":178,"w":37,"h":58},
		"747E5380":{"x":169,"y":179,"w":38,"h":58},
		"AF5220FA":{"x":44,"y":1,"w":40,"h":58},
		"A65AC1F5":{"x":169,"y":60,"w":39,"h":57},
		"52850B76":{"x":85,"y":181,"w":40,"h":57},
		"A42170C":{"x":1,"y":1,"w":41,"h":57},
		"65AD0C9B":{"x":1,"y":60,"w":41,"h":57},
		"1EC78B16":{"x":1,"y":119,"w":41,"h":57},
		"CEB44DB2":{"x":1,"y":178,"w":41,"h":57},
		"7EFA60CF":{"x":127,"y":181,"w":40,"h":57},
		"B4EA3492":{"x":86,"y":1,"w":40,"h":57},
		"AC5AC317":{"x":44,"y":61,"w":40,"h":58},
		"568F554":{"x":168,"y":120,"w":39,"h":57},
		"168BC51B":{"x":209,"y":119,"w":38,"h":57},
		"8F6EA7F8":{"x":210,"y":60,"w":38,"h":57},
		"ADE85669":{"x":364,"y":60,"w":36,"h":56},
		"EAB8FDA5":{"x":475,"y":1,"w":35,"h":56},
		"9DCAE0AF":{"x":400,"y":1,"w":36,"h":56},
		"F8B7E883":{"x":289,"y":1,"w":36,"h":57},
		"28C6EE88":{"x":363,"y":178,"w":35,"h":58},
		"885F30AD":{"x":325,"y":178,"w":36,"h":59},
		"196948B2":{"x":209,"y":178,"w":36,"h":60},
		"F99F8E7E":{"x":128,"y":120,"w":38,"h":59},
		"88C2B846":{"x":44,"y":181,"w":39,"h":59},
		"EF261CF":{"x":128,"y":60,"w":39,"h":58},
		"EA3E214C":{"x":44,"y":121,"w":40,"h":58},
		"DBF1DD10":{"x":86,"y":60,"w":40,"h":57},
		"C7E0C4DD":{"x":86,"y":119,"w":40,"h":57},
		"D591ABE9":{"x":128,"y":1,"w":40,"h":57},
		"6BBDD422":{"x":209,"y":1,"w":39,"h":57},
		"A76E787B":{"x":249,"y":119,"w":37,"h":57},
		"7FFC523":{"x":286,"y":178,"w":37,"h":58},
		"D49632B":{"x":288,"y":119,"w":36,"h":57},
		"90A694A5":{"x":326,"y":60,"w":36,"h":57},
		"CD11A3C0":{"x":327,"y":1,"w":36,"h":57},
		"513C2005":{"x":326,"y":119,"w":36,"h":57},
		"FA82E7D1":{"x":438,"y":1,"w":35,"h":57}
	}}