{"mc":{
	"sprite1_right":{
		"frameRate":24,
		"frames":[
			
			{
			"res":"67F66B2B",
			"x":0,
			"y":0
			},
			{
			"res":"5EA09892",
			"x":0,
			"y":0
			},
			{
			"res":"2815A06",
			"x":0,
			"y":0
			},
			{
			"res":"884DAE64",
			"x":0,
			"y":0
			},
			{
			"res":"2E1462E7",
			"x":0,
			"y":0
			},
			{
			"res":"21B5E49C",
			"x":0,
			"y":0
			},
			{
			"res":"29C384A3",
			"x":0,
			"y":0
			},
			{
			"res":"71294C25",
			"x":0,
			"y":0
			},
			{
			"res":"D526C04A",
			"x":0,
			"y":0
			},
			{
			"res":"7A1BB1B7",
			"x":0,
			"y":0
			},
			{
			"res":"B4EB2709",
			"x":0,
			"y":0
			},
			{
			"res":"C0FEFE4C",
			"x":0,
			"y":0
			},
			{
			"res":"EF8675FF",
			"x":0,
			"y":0
			},
			{
			"res":"B94BA267",
			"x":0,
			"y":0
			},
			{
			"res":"F6CD9719",
			"x":0,
			"y":0
			},
			{
			"res":"76ED40CA",
			"x":0,
			"y":0
			},
			{
			"res":"5E0F77FE",
			"x":0,
			"y":0
			},
			{
			"res":"3DEA975",
			"x":0,
			"y":0
			},
			{
			"res":"CF9092F6",
			"x":0,
			"y":0
			},
			{
			"res":"7081A57A",
			"x":0,
			"y":0
			},
			{
			"res":"546711EF",
			"x":0,
			"y":0
			},
			{
			"res":"FFEB994C",
			"x":0,
			"y":0
			},
			{
			"res":"1A3F31AC",
			"x":0,
			"y":0
			},
			{
			"res":"66959731",
			"x":0,
			"y":0
			},
			{
			"res":"CFA6E231",
			"x":0,
			"y":0
			},
			{
			"res":"1D880224",
			"x":0,
			"y":0
			},
			{
			"res":"4C038673",
			"x":0,
			"y":0
			},
			{
			"res":"EBF06721",
			"x":0,
			"y":0
			},
			{
			"res":"70DEA391",
			"x":0,
			"y":0
			},
			{
			"res":"F1C76A42",
			"x":0,
			"y":0
			},
			{
			"res":"CB219C0B",
			"x":0,
			"y":0
			},
			{
			"res":"C7F7E0F4",
			"x":0,
			"y":0
			},
			{
			"res":"97E2298D",
			"x":0,
			"y":0
			},
			{
			"res":"DAEDBF96",
			"x":0,
			"y":0
			},
			{
			"res":"14B02802",
			"x":0,
			"y":0
			},
			{
			"res":"63AFC14E",
			"x":0,
			"y":0
			},
			{
			"res":"6F7DA6B9",
			"x":0,
			"y":0
			},
			{
			"res":"33799EA0",
			"x":0,
			"y":0
			},
			{
			"res":"486E90FB",
			"x":0,
			"y":0
			},
			{
			"res":"6670E709",
			"x":0,
			"y":0
			},
			{
			"res":"9EE79C3A",
			"x":0,
			"y":0
			}
			]
}},
	"res":{
		"67F66B2B":{"x":247,"y":64,"w":46,"h":59},
		"5EA09892":{"x":257,"y":1,"w":46,"h":59},
		"2815A06":{"x":155,"y":129,"w":47,"h":59},
		"884DAE64":{"x":106,"y":129,"w":47,"h":60},
		"2E1462E7":{"x":56,"y":1,"w":48,"h":60},
		"21B5E49C":{"x":208,"y":1,"w":47,"h":61},
		"29C384A3":{"x":155,"y":1,"w":46,"h":62},
		"71294C25":{"x":154,"y":425,"w":46,"h":63},
		"D526C04A":{"x":106,"y":64,"w":45,"h":63},
		"7A1BB1B7":{"x":200,"y":190,"w":43,"h":64},
		"B4EB2709":{"x":297,"y":446,"w":42,"h":63},
		"C0FEFE4C":{"x":253,"y":446,"w":42,"h":63},
		"EF8675FF":{"x":200,"y":256,"w":43,"h":63},
		"B94BA267":{"x":154,"y":253,"w":44,"h":63},
		"F6CD9719":{"x":153,"y":65,"w":45,"h":62},
		"76ED40CA":{"x":106,"y":253,"w":46,"h":61},
		"5E0F77FE":{"x":54,"y":363,"w":49,"h":60},
		"3DEA975":{"x":55,"y":182,"w":49,"h":60},
		"CF9092F6":{"x":1,"y":302,"w":51,"h":59},
		"7081A57A":{"x":1,"y":363,"w":51,"h":58},
		"546711EF":{"x":1,"y":182,"w":52,"h":58},
		"FFEB994C":{"x":1,"y":62,"w":53,"h":58},
		"1A3F31AC":{"x":1,"y":242,"w":52,"h":58},
		"66959731":{"x":105,"y":363,"w":50,"h":58},
		"CFA6E231":{"x":157,"y":363,"w":49,"h":59},
		"1D880224":{"x":202,"y":424,"w":49,"h":59},
		"4C038673":{"x":56,"y":63,"w":48,"h":60},
		"EBF06721":{"x":54,"y":425,"w":48,"h":61},
		"70DEA391":{"x":104,"y":425,"w":48,"h":61},
		"F1C76A42":{"x":106,"y":1,"w":47,"h":61},
		"CB219C0B":{"x":200,"y":65,"w":45,"h":61},
		"C7F7E0F4":{"x":253,"y":383,"w":44,"h":61},
		"97E2298D":{"x":155,"y":190,"w":43,"h":61},
		"DAEDBF96":{"x":341,"y":446,"w":44,"h":60},
		"14B02802":{"x":208,"y":321,"w":45,"h":60},
		"63AFC14E":{"x":204,"y":128,"w":46,"h":59},
		"6F7DA6B9":{"x":106,"y":191,"w":47,"h":60},
		"33799EA0":{"x":54,"y":302,"w":50,"h":59},
		"486E90FB":{"x":1,"y":423,"w":51,"h":58},
		"6670E709":{"x":1,"y":1,"w":53,"h":59},
		"9EE79C3A":{"x":1,"y":122,"w":53,"h":58}
	}}