{
	"groups":[
		{
			"keys":"checkbox_select_disabled_png,checkbox_select_down_png,checkbox_select_up_png,checkbox_unselect_png,selected_png,border_png,header_png,radiobutton_select_disabled_png,radiobutton_select_down_png,radiobutton_select_up_png,radiobutton_unselect_png,roundthumb_png,thumb_png,track_png,tracklight_png,handle_png,off_png,on_png,button_down_png,button_up_png,thumb_pb_png,track_pb_png,track_sb_png,commonBg_jpg,mbtnAbout_png,mbtnGoods_png,mbtnHeros_png,mbtnPlayer_png,mbtn_Bg_png,mbtn_BgFc_png,homeBg_jpg",
			"name":"home"
		},
		{
			"keys":"loading_bg,loading_run,toast-bg_png",
			"name":"loading"
		},
		{
			"keys":"btnEquip_png,btnReturn_png,btnStrengthen_png,profileContent_png,profileTitle_png,skillBg_png,skillIcon01_png,skillIcon02_png,skillIcon03_png,skillIcon04_png,skillIcon05_png,skillIcon06_png,skillIcon07_png,skillItemFrame_png",
			"name":"profile"
		},
		{
			"keys":"btnOK_png,checked_png,checkNo_png,goods01_png,goods02_png,goods03_png,goods04_png,goods05_png,goods06_png,goods07_png,goodsTitle_png,heros01_png,heros02_png,heros03_png,heros04_png,heros05_png,heros06_png,heros07_png,herosTitle_png,listItemBkgd_png,hScrollBar02_png,hScrollBar01_png,bgListPage_jpg",
			"name":"heros_goods"
		},
		{
			"keys":"about-bg_png,about_png,close_png",
			"name":"about"
		}
	],
	"resources":[
		{
			"name":"checkbox_select_disabled_png",
			"type":"image",
			"url":"assets/CheckBox/checkbox_select_disabled.png"
		},
		{
			"name":"checkbox_select_down_png",
			"type":"image",
			"url":"assets/CheckBox/checkbox_select_down.png"
		},
		{
			"name":"checkbox_select_up_png",
			"type":"image",
			"url":"assets/CheckBox/checkbox_select_up.png"
		},
		{
			"name":"checkbox_unselect_png",
			"type":"image",
			"url":"assets/CheckBox/checkbox_unselect.png"
		},
		{
			"name":"selected_png",
			"type":"image",
			"url":"assets/ItemRenderer/selected.png"
		},
		{
			"name":"border_png",
			"type":"image",
			"url":"assets/Panel/border.png"
		},
		{
			"name":"header_png",
			"type":"image",
			"url":"assets/Panel/header.png"
		},
		{
			"name":"radiobutton_select_disabled_png",
			"type":"image",
			"url":"assets/RadioButton/radiobutton_select_disabled.png"
		},
		{
			"name":"radiobutton_select_down_png",
			"type":"image",
			"url":"assets/RadioButton/radiobutton_select_down.png"
		},
		{
			"name":"radiobutton_select_up_png",
			"type":"image",
			"url":"assets/RadioButton/radiobutton_select_up.png"
		},
		{
			"name":"radiobutton_unselect_png",
			"type":"image",
			"url":"assets/RadioButton/radiobutton_unselect.png"
		},
		{
			"name":"roundthumb_png",
			"type":"image",
			"url":"assets/ScrollBar/roundthumb.png"
		},
		{
			"name":"thumb_png",
			"type":"image",
			"url":"assets/Slider/thumb.png"
		},
		{
			"name":"track_png",
			"type":"image",
			"url":"assets/Slider/track.png"
		},
		{
			"name":"tracklight_png",
			"type":"image",
			"url":"assets/Slider/tracklight.png"
		},
		{
			"name":"handle_png",
			"type":"image",
			"url":"assets/ToggleSwitch/handle.png"
		},
		{
			"name":"off_png",
			"type":"image",
			"url":"assets/ToggleSwitch/off.png"
		},
		{
			"name":"on_png",
			"type":"image",
			"url":"assets/ToggleSwitch/on.png"
		},
		{
			"name":"button_down_png",
			"type":"image",
			"url":"assets/Button/button_down.png"
		},
		{
			"name":"button_up_png",
			"type":"image",
			"url":"assets/Button/button_up.png"
		},
		{
			"name":"thumb_pb_png",
			"type":"image",
			"url":"assets/ProgressBar/thumb_pb.png"
		},
		{
			"name":"track_pb_png",
			"type":"image",
			"url":"assets/ProgressBar/track_pb.png"
		},
		{
			"name":"track_sb_png",
			"type":"image",
			"url":"assets/ScrollBar/track_sb.png"
		},
		{
			"name":"loading_bg",
			"type":"image",
			"url":"art/loading/loading.jpg"
		},
		{
			"name":"loading_run",
			"type":"image",
			"url":"art/loading/loading2.png"
		},
		{
			"name":"btnEquip_png",
			"type":"image",
			"url":"art/profile/btnEquip.png"
		},
		{
			"name":"btnReturn_png",
			"type":"image",
			"url":"art/profile/btnReturn.png"
		},
		{
			"name":"btnStrengthen_png",
			"type":"image",
			"url":"art/profile/btnStrengthen.png"
		},
		{
			"name":"mbtnAbout_png",
			"type":"image",
			"url":"art/profile/mbtnAbout.png"
		},
		{
			"name":"mbtnGoods_png",
			"type":"image",
			"url":"art/profile/mbtnGoods.png"
		},
		{
			"name":"mbtnHeros_png",
			"type":"image",
			"url":"art/profile/mbtnHero.png"
		},
		{
			"name":"mbtnPlayer_png",
			"type":"image",
			"url":"art/profile/mbtnPlayer.png"
		},
		{
			"name":"mbtn_Bg_png",
			"type":"image",
			"url":"art/profile/mbtn_Bg.png"
		},
		{
			"name":"mbtn_BgFc_png",
			"type":"image",
			"url":"art/profile/mbtn_BgFc.png"
		},
		{
			"name":"profileContent_png",
			"type":"image",
			"url":"art/profile/profileContent.png"
		},
		{
			"name":"profileTitle_png",
			"type":"image",
			"url":"art/profile/profileTitle.png"
		},
		{
			"name":"skillBg_png",
			"type":"image",
			"url":"art/profile/skillBg.png"
		},
		{
			"name":"skillIcon01_png",
			"type":"image",
			"url":"art/profile/skillIcon01.png"
		},
		{
			"name":"skillIcon02_png",
			"type":"image",
			"url":"art/profile/skillIcon02.png"
		},
		{
			"name":"skillIcon03_png",
			"type":"image",
			"url":"art/profile/skillIcon03.png"
		},
		{
			"name":"skillIcon04_png",
			"type":"image",
			"url":"art/profile/skillIcon04.png"
		},
		{
			"name":"skillIcon05_png",
			"type":"image",
			"url":"art/profile/skillIcon05.png"
		},
		{
			"name":"skillIcon06_png",
			"type":"image",
			"url":"art/profile/skillIcon06.png"
		},
		{
			"name":"skillIcon07_png",
			"type":"image",
			"url":"art/profile/skillIcon07.png"
		},
		{
			"name":"skillItemFrame_png",
			"type":"image",
			"url":"art/profile/skillItemFrame.png"
		},
		{
			"name":"commonBg_jpg",
			"type":"image",
			"url":"art/home/commonBg.jpg"
		},
		{
			"name":"homeBg_jpg",
			"type":"image",
			"url":"art/home/homeBg.jpg"
		},
		{
			"name":"btnOK_png",
			"type":"image",
			"url":"art/heros_goods/btnOK.png"
		},
		{
			"name":"checked_png",
			"type":"image",
			"url":"art/heros_goods/checked.png"
		},
		{
			"name":"checkNo_png",
			"type":"image",
			"url":"art/heros_goods/checkNo.png"
		},
		{
			"name":"goods01_png",
			"type":"image",
			"url":"art/heros_goods/goods01.png"
		},
		{
			"name":"goods02_png",
			"type":"image",
			"url":"art/heros_goods/goods02.png"
		},
		{
			"name":"goods03_png",
			"type":"image",
			"url":"art/heros_goods/goods03.png"
		},
		{
			"name":"goods04_png",
			"type":"image",
			"url":"art/heros_goods/goods04.png"
		},
		{
			"name":"goods05_png",
			"type":"image",
			"url":"art/heros_goods/goods05.png"
		},
		{
			"name":"goods06_png",
			"type":"image",
			"url":"art/heros_goods/goods06.png"
		},
		{
			"name":"goods07_png",
			"type":"image",
			"url":"art/heros_goods/goods07.png"
		},
		{
			"name":"goodsTitle_png",
			"type":"image",
			"url":"art/heros_goods/goodsTitle.png"
		},
		{
			"name":"heros01_png",
			"type":"image",
			"url":"art/heros_goods/heros01.png"
		},
		{
			"name":"heros02_png",
			"type":"image",
			"url":"art/heros_goods/heros02.png"
		},
		{
			"name":"heros03_png",
			"type":"image",
			"url":"art/heros_goods/heros03.png"
		},
		{
			"name":"heros04_png",
			"type":"image",
			"url":"art/heros_goods/heros04.png"
		},
		{
			"name":"heros05_png",
			"type":"image",
			"url":"art/heros_goods/heros05.png"
		},
		{
			"name":"heros06_png",
			"type":"image",
			"url":"art/heros_goods/heros06.png"
		},
		{
			"name":"heros07_png",
			"type":"image",
			"url":"art/heros_goods/heros07.png"
		},
		{
			"name":"herosTitle_png",
			"type":"image",
			"url":"art/heros_goods/herosTitle.png"
		},
		{
			"name":"listItemBkgd_png",
			"type":"image",
			"url":"art/heros_goods/listItemBkgd.png"
		},
		{
			"name":"about-bg_png",
			"type":"image",
			"url":"art/about/about-bg.png"
		},
		{
			"name":"about_png",
			"type":"image",
			"url":"art/about/about.png"
		},
		{
			"name":"close_png",
			"type":"image",
			"url":"art/about/close.png"
		},
		{
			"name":"hScrollBar02_png",
			"type":"image",
			"url":"art/heros_goods/hScrollBar02.png"
		},
		{
			"name":"hScrollBar01_png",
			"type":"image",
			"url":"art/heros_goods/hScrollBar01.png"
		},
		{
			"name":"bgListPage_jpg",
			"type":"image",
			"url":"art/heros_goods/bgListPage.jpg"
		},
		{
			"name":"toast-bg_png",
			"type":"image",
			"url":"art/loading/toast-bg.png"
		}
	]
}