{"frames":{"img_kuang-sc/kuangbai4":{"y":242,"offX":0,"h":83,"w":187,"offY":-1,"x":189},"img_kuang-sc/hei":{"y":0,"offX":0,"h":130,"w":230,"offY":0,"x":0},"img_kuang-sc/kuangbai5":{"y":327,"offX":0,"h":71,"w":187,"offY":-1,"x":189},"img_kuang-sc/kuangbai9":{"y":242,"offX":-1,"h":23,"w":111,"offY":-1,"x":378},"img_kuang-sc/kuangbai6":{"y":338,"offX":0,"h":59,"w":187,"offY":-1,"x":0},"img_kuang-sc/kuanghei":{"y":0,"offX":-1,"h":119,"w":189,"offY":-1,"x":232},"img_kuang-sc/kuangbai2":{"y":132,"offX":0,"h":107,"w":187,"offY":-1,"x":0},"img_kuang-sc/kuangbai7":{"y":399,"offX":-2,"h":47,"w":183,"offY":-1,"x":0},"img_kuang-sc/kuangbai8":{"y":400,"offX":-12,"h":35,"w":164,"offY":-1,"x":185},"img_kuang-sc/kuangbai3":{"y":241,"offX":0,"h":95,"w":187,"offY":-1,"x":0},"img_kuang-sc/kuangbai":{"y":121,"offX":0,"h":119,"w":188,"offY":-1,"x":232},"img_kuang-sc/kuangbai10":{"y":267,"offX":-3,"h":11,"w":90,"offY":-1,"x":378}},"file":"kuang.png"}