{"shapeImg":{},"mc":{"mc_kuang":{"loop":false,"frameEvents":{},"labels":[["1",0,10]],"frames":[[["img_kuang-sc/kuanghei","img",0.5,-59.85,1,1,0,0,1,"",0],["img_kuang-sc/kuangbai","img",0.7,-59.85,1,1,0,0,1,"",0]],[["img_kuang-sc/kuanghei","img",0.5,-59.85,1,1,0,0,1,"",0],["img_kuang-sc/kuangbai2","img",0.7,-65.85,1,1,0,0,1,"",0]],[["img_kuang-sc/kuanghei","img",0.5,-59.85,1,1,0,0,1,"",0],["img_kuang-sc/kuangbai3","img",0.7,-71.85,1,1,0,0,1,"",0]],[["img_kuang-sc/kuanghei","img",0.5,-59.85,1,1,0,0,1,"",0],["img_kuang-sc/kuangbai4","img",0.7,-77.85,1,1,0,0,1,"",0]],[["img_kuang-sc/kuanghei","img",0.5,-59.85,1,1,0,0,1,"",0],["img_kuang-sc/kuangbai5","img",0.7,-83.85,1,1,0,0,1,"",0]],[["img_kuang-sc/kuanghei","img",0.5,-59.85,1,1,0,0,1,"",0],["img_kuang-sc/kuangbai6","img",0.7,-89.85,1,1,0,0,1,"",0]],[["img_kuang-sc/kuanghei","img",0.5,-59.85,1,1,0,0,1,"",0],["img_kuang-sc/kuangbai7","img",0.7,-95.85,1,1,0,0,1,"",0]],[["img_kuang-sc/kuanghei","img",0.5,-59.85,1,1,0,0,1,"",0],["img_kuang-sc/kuangbai8","img",0.7,-101.85,1,1,0,0,1,"",0]],[["img_kuang-sc/kuanghei","img",0.5,-59.85,1,1,0,0,1,"",0],["img_kuang-sc/kuangbai9","img",0.7,-107.85,1,1,0,0,1,"",0]],[["img_kuang-sc/kuanghei","img",0.5,-59.85,1,1,0,0,1,"",0],["img_kuang-sc/kuangbai10","img",0.7,-113.85,1,1,0,0,1,"",0]],[["img_kuang-sc/kuanghei","img",0.5,-59.85,1,1,0,0,1,"",0]]],"objCount":{"img_kuang-sc/kuangbai4":["img",1],"img_kuang-sc/kuangbai2":["img",1],"img_kuang-sc/kuangbai7":["img",1],"img_kuang-sc/kuangbai8":["img",1],"img_kuang-sc/kuangbai5":["img",1],"img_kuang-sc/kuangbai3":["img",1],"img_kuang-sc/kuangbai":["img",1],"img_kuang-sc/kuangbai6":["img",1],"img_kuang-sc/kuanghei":["img",1],"img_kuang-sc/kuangbai10":["img",1],"img_kuang-sc/kuangbai9":["img",1]}}},"s9":{},"particle":{},"btn":{},"spr":{},"comp":{},"img":{"img_kuang-sc/kuangbai4":[93.75,41.95],"img_kuang-sc/hei":[115,65],"img_kuang-sc/kuangbai5":[93.75,35.95],"img_kuang-sc/kuangbai9":[56.7,11.95],"img_kuang-sc/kuangbai6":[93.75,29.95],"img_kuang-sc/kuanghei":[94.65,59.95],"img_kuang-sc/kuangbai2":[93.75,53.95],"img_kuang-sc/kuangbai7":[93.75,23.95],"img_kuang-sc/kuangbai8":[93.75,17.95],"img_kuang-sc/kuangbai3":[93.75,47.95],"img_kuang-sc/kuangbai":[93.75,59.95],"img_kuang-sc/kuangbai10":[47.7,5.95]}}