{"SubTexture":[{"y":2,"frameY":0,"frameX":0,"x":1286,"width":551,"name":"tcl0/tclMc0_3","height":489},{"y":493,"frameY":0,"frameX":0,"x":1286,"width":640,"name":"tcl3/tclMc3_0","height":305},{"y":800,"frameY":0,"frameX":0,"x":1786,"width":256,"name":"tcl3/tclMc3_1","height":140},{"y":2,"frameY":0,"frameX":0,"x":644,"width":640,"name":"tcl3/tclMc3_3","height":568},{"y":928,"frameY":0,"frameX":0,"x":1119,"width":610,"name":"tcl3/tclMc3_4","height":75},{"y":314,"frameY":0,"frameX":0,"x":1839,"width":153,"name":"tcl5/tclMc5_1","height":154},{"y":2,"frameY":0,"frameX":0,"x":1839,"width":154,"name":"tcl5/tclMc5_2","height":155},{"y":159,"frameY":0,"frameX":0,"x":1839,"width":154,"name":"tcl5/tclMc5_5","height":153},{"y":990,"frameY":0,"frameX":0,"x":1731,"width":238,"name":"tcl6/tclMc6_1","height":24},{"y":572,"frameY":0,"frameX":0,"x":644,"width":597,"name":"tcl6/tclMc6_3","height":293},{"y":2,"frameY":0,"frameX":0,"x":2,"width":640,"name":"tcl7/tclMc7_0","height":741},{"y":894,"frameY":0,"frameX":0,"x":2,"width":506,"name":"tcl7/tclMc7_4","height":110},{"y":867,"frameY":0,"frameX":0,"x":633,"width":484,"name":"tcl8/tclMc8_0","height":140},{"y":867,"frameY":0,"frameX":0,"x":1119,"width":121,"name":"tcl9/tclMc9_0","height":50},{"y":942,"frameY":0,"frameX":0,"x":1731,"width":196,"name":"tcl10/tclMc10_1","height":46},{"y":800,"frameY":0,"frameX":0,"x":1243,"width":541,"name":"tcl11/tclMc11_3","height":126},{"y":745,"frameY":0,"frameX":0,"x":2,"width":629,"name":"tcl12/tclMc12_3","height":147}],"imagePath":"texture_4.png","name":"TCLmc"}