{"SubTexture":[{"y":329,"frameY":0,"frameX":0,"x":1928,"width":93,"name":"tcl1/tclMc1_2","height":321},{"y":2,"frameY":0,"frameX":0,"x":1928,"width":94,"name":"tcl1/tclMc1_6","height":325},{"y":2,"frameY":0,"frameX":0,"x":1286,"width":640,"name":"tcl2/tclMc2_2","height":1008},{"y":652,"frameY":0,"frameX":0,"x":1928,"width":93,"name":"tcl2/tclMc2_4","height":321},{"y":2,"frameY":0,"frameX":0,"x":644,"width":640,"name":"tcl11/tclMc11_4","height":1008},{"y":2,"frameY":0,"frameX":0,"x":2,"width":640,"name":"tcl12/tclMc12_4","height":1008}],"imagePath":"texture_1.png","name":"TCLmc"}