{"SubTexture":[{"y":392,"frameY":0,"frameX":0,"x":1928,"width":91,"name":"tcl2/tclMc2_0","height":388},{"y":2,"frameY":0,"frameX":0,"x":1928,"width":91,"name":"tcl2/tclMc2_6","height":388},{"y":1002,"frameY":0,"frameX":0,"x":1928,"width":20,"name":"tcl2/tclMc2_3","height":20},{"y":2,"frameY":0,"frameX":0,"x":644,"width":640,"name":"tcl4/tclMc4_9","height":1008},{"y":2,"frameY":0,"frameX":0,"x":1286,"width":640,"name":"tcl6/tclMc6_4","height":1008},{"y":2,"frameY":0,"frameX":0,"x":2,"width":640,"name":"tcl10/tclMc10_7","height":1008},{"y":782,"frameY":0,"frameX":0,"x":1928,"width":85,"name":"tcl10/tclMc10_0","height":107},{"y":891,"frameY":0,"frameX":0,"x":1928,"width":87,"name":"tcl10/tclMc10_3","height":89},{"y":982,"frameY":0,"frameX":0,"x":1928,"width":32,"name":"arrow/arrow","height":18}],"imagePath":"texture_0.png","name":"TCLmc"}