{"SubTexture":[{"y":335,"frameY":0,"frameX":0,"x":1437,"width":175,"name":"tcl0/tclMc0_2","height":43},{"y":942,"frameY":0,"frameX":0,"x":2,"width":453,"name":"tcl0/tclMc0_1","height":72},{"y":859,"frameY":0,"frameX":0,"x":1048,"width":333,"name":"tcl0/tclMc0_0","height":51},{"y":632,"frameY":0,"frameX":0,"x":542,"width":504,"name":"tcl1/tclMc1_8","height":319},{"y":312,"frameY":0,"frameX":0,"x":1048,"width":387,"name":"tcl1/tclMc1_1","height":395},{"y":2,"frameY":0,"frameX":0,"x":1626,"width":381,"name":"tcl1/tclMc1_7","height":387},{"y":391,"frameY":0,"frameX":0,"x":1437,"width":512,"name":"tcl2/tclMc2_1","height":100},{"y":312,"frameY":0,"frameX":0,"x":545,"width":377,"name":"tcl3/tclMc3_6","height":312},{"y":953,"frameY":0,"frameX":0,"x":457,"width":412,"name":"tcl3/tclMc3_2","height":64},{"y":685,"frameY":0,"frameX":0,"x":1564,"width":274,"name":"tcl3/tclMc3_5","height":101},{"y":285,"frameY":0,"frameX":0,"x":1437,"width":186,"name":"tcl4/tclMc4_1","height":48},{"y":319,"frameY":0,"frameX":0,"x":2,"width":541,"name":"tcl4/tclMc4_2","height":311},{"y":2,"frameY":0,"frameX":0,"x":2,"width":539,"name":"tcl4/tclMc4_5","height":315},{"y":2,"frameY":0,"frameX":0,"x":543,"width":538,"name":"tcl4/tclMc4_8","height":308},{"y":709,"frameY":0,"frameX":0,"x":1048,"width":514,"name":"tcl5/tclMc5_0","height":100},{"y":751,"frameY":0,"frameX":0,"x":1840,"width":153,"name":"tcl5/tclMc5_3","height":153},{"y":596,"frameY":0,"frameX":0,"x":1892,"width":153,"name":"tcl5/tclMc5_4","height":153},{"y":811,"frameY":0,"frameX":0,"x":1048,"width":422,"name":"tcl6/tclMc6_0","height":46},{"y":632,"frameY":0,"frameX":0,"x":2,"width":538,"name":"tcl6/tclMc6_2","height":308},{"y":906,"frameY":0,"frameX":0,"x":1578,"width":353,"name":"tcl7/tclMc7_2","height":24},{"y":493,"frameY":0,"frameX":0,"x":1437,"width":499,"name":"tcl7/tclMc7_3","height":101},{"y":285,"frameY":0,"frameX":0,"x":1282,"width":153,"name":"tcl8/tclMc8_3","height":24},{"y":864,"frameY":0,"frameX":0,"x":1383,"width":193,"name":"tcl9/tclMc9_1","height":46},{"y":285,"frameY":0,"frameX":0,"x":1083,"width":197,"name":"tcl9/tclMc9_2","height":24},{"y":864,"frameY":0,"frameX":0,"x":1578,"width":130,"name":"tcl10/tclMc10_2","height":24},{"y":2,"frameY":0,"frameX":0,"x":1083,"width":541,"name":"tcl11/tclMc11_1","height":281},{"y":953,"frameY":0,"frameX":0,"x":1406,"width":533,"name":"tcl11/tclMc11_0","height":48},{"y":953,"frameY":0,"frameX":0,"x":871,"width":533,"name":"tcl11/tclMc11_2","height":48},{"y":811,"frameY":0,"frameX":0,"x":1472,"width":333,"name":"tcl12/tclMc12_1","height":51},{"y":596,"frameY":0,"frameX":0,"x":1437,"width":453,"name":"tcl12/tclMc12_2","height":87}],"imagePath":"texture_5.png","name":"TCLmc"}