{"SubTexture":[{"y":2,"frameY":0,"frameX":0,"x":2,"width":640,"name":"bg","height":1008},{"y":2,"frameY":0,"frameX":0,"x":1286,"width":640,"name":"tcl0/tclMc0_4","height":1008},{"y":2,"frameY":0,"frameX":0,"x":644,"width":640,"name":"tcl1/tclMc1_0","height":1008},{"y":625,"frameY":0,"frameX":0,"x":1928,"width":81,"name":"tcl4/tclMc4_0","height":81},{"y":708,"frameY":0,"frameX":0,"x":1928,"width":81,"name":"tcl4/tclMc4_3","height":81},{"y":791,"frameY":0,"frameX":0,"x":1928,"width":81,"name":"tcl4/tclMc4_6","height":81},{"y":874,"frameY":0,"frameX":0,"x":1928,"width":83,"name":"tcl8/tclMc8_1","height":53},{"y":269,"frameY":0,"frameX":0,"x":1928,"width":87,"name":"tcl9/tclMc9_3","height":87},{"y":536,"frameY":0,"frameX":0,"x":1928,"width":87,"name":"tcl9/tclMc9_4","height":87},{"y":2,"frameY":0,"frameX":0,"x":1928,"width":87,"name":"tcl9/tclMc9_5","height":87},{"y":91,"frameY":0,"frameX":0,"x":1928,"width":87,"name":"tcl9/tclMc9_6","height":87},{"y":358,"frameY":0,"frameX":0,"x":1928,"width":87,"name":"tcl10/tclMc10_4","height":87},{"y":180,"frameY":0,"frameX":0,"x":1928,"width":87,"name":"tcl10/tclMc10_5","height":87},{"y":447,"frameY":0,"frameX":0,"x":1928,"width":87,"name":"tcl10/tclMc10_6","height":87}],"imagePath":"texture_2.png","name":"TCLmc"}