{
	"groups":[
	{
		"keys":"checkbox_select_disabled_png,checkbox_select_down_png,checkbox_select_up_png,checkbox_unselect_png,selected_png,border_png,header_png,radiobutton_select_disabled_png,radiobutton_select_down_png,radiobutton_select_up_png,radiobutton_unselect_png,roundthumb_png,thumb_png,track_png,tracklight_png,handle_png,off_png,on_png,button_down_png,button_up_png,thumb_pb_png,track_pb_png,track_sb_png,turretskin,turretskin0_json,turretskin0_png,turretskin1_json,turretskin1_png,turretskin2_json,turretskin2_png,turretskin3_json,turretskin3_png,bullet1,panelbackground,spritehp_png,spritehpbg_png,num_fnt",
		"name":"preload"
	},
	{
		"keys":"scene1bg_jpg,scene1turret_json,sprite1_down_json,sprite1_down_png,sprite1_right_json,sprite1_right_png,scene1sprite_json",
		"name":"scene1"
	},
	{
		"keys":"scene2bg_jpg,scene2sprite_json,scene2turret_json,sprite1_left_json,sprite1_left_png,sprite1_up_json,sprite1_up_png,sprite1_down_json,sprite1_down_png,sprite1_right_json,sprite1_right_png",
		"name":"scene2"
	}],
	"resources":[
	{
		"name":"checkbox_select_disabled_png",
		"type":"image",
		"url":"assets/CheckBox/checkbox_select_disabled.png"
	},
	{
		"name":"checkbox_select_down_png",
		"type":"image",
		"url":"assets/CheckBox/checkbox_select_down.png"
	},
	{
		"name":"checkbox_select_up_png",
		"type":"image",
		"url":"assets/CheckBox/checkbox_select_up.png"
	},
	{
		"name":"checkbox_unselect_png",
		"type":"image",
		"url":"assets/CheckBox/checkbox_unselect.png"
	},
	{
		"name":"selected_png",
		"type":"image",
		"url":"assets/ItemRenderer/selected.png"
	},
	{
		"name":"border_png",
		"type":"image",
		"url":"assets/Panel/border.png"
	},
	{
		"name":"header_png",
		"type":"image",
		"url":"assets/Panel/header.png"
	},
	{
		"name":"radiobutton_select_disabled_png",
		"type":"image",
		"url":"assets/RadioButton/radiobutton_select_disabled.png"
	},
	{
		"name":"radiobutton_select_down_png",
		"type":"image",
		"url":"assets/RadioButton/radiobutton_select_down.png"
	},
	{
		"name":"radiobutton_select_up_png",
		"type":"image",
		"url":"assets/RadioButton/radiobutton_select_up.png"
	},
	{
		"name":"radiobutton_unselect_png",
		"type":"image",
		"url":"assets/RadioButton/radiobutton_unselect.png"
	},
	{
		"name":"roundthumb_png",
		"type":"image",
		"url":"assets/ScrollBar/roundthumb.png"
	},
	{
		"name":"thumb_png",
		"type":"image",
		"url":"assets/Slider/thumb.png"
	},
	{
		"name":"track_png",
		"type":"image",
		"url":"assets/Slider/track.png"
	},
	{
		"name":"tracklight_png",
		"type":"image",
		"url":"assets/Slider/tracklight.png"
	},
	{
		"name":"handle_png",
		"type":"image",
		"url":"assets/ToggleSwitch/handle.png"
	},
	{
		"name":"off_png",
		"type":"image",
		"url":"assets/ToggleSwitch/off.png"
	},
	{
		"name":"on_png",
		"type":"image",
		"url":"assets/ToggleSwitch/on.png"
	},
	{
		"name":"button_down_png",
		"type":"image",
		"url":"assets/Button/button_down.png"
	},
	{
		"name":"button_up_png",
		"type":"image",
		"url":"assets/Button/button_up.png"
	},
	{
		"name":"thumb_pb_png",
		"type":"image",
		"url":"assets/ProgressBar/thumb_pb.png"
	},
	{
		"name":"track_pb_png",
		"type":"image",
		"url":"assets/ProgressBar/track_pb.png"
	},
	{
		"name":"track_sb_png",
		"type":"image",
		"url":"assets/ScrollBar/track_sb.png"
	},
	{
		"name":"num_fnt",
		"type":"font",
		"url":"assets/num.fnt"
	},
	{
		"name":"turretskin",
		"type":"json",
		"url":"assets/turretskin.json"
	},
	{
		"name":"turretskin0_json",
		"type":"json",
		"url":"assets/td/turretskin0.json"
	},
	{
		"name":"turretskin0_png",
		"type":"image",
		"url":"assets/td/turretskin0.png"
	},
	{
		"name":"turretskin1_json",
		"type":"json",
		"url":"assets/td/turretskin1.json"
	},
	{
		"name":"turretskin1_png",
		"type":"image",
		"url":"assets/td/turretskin1.png"
	},
	{
		"name":"scene1bg_jpg",
		"type":"image",
		"url":"assets/scene1/scene1bg.jpg"
	},
	{
		"name":"turretskin2_json",
		"type":"json",
		"url":"assets/td/turretskin2.json"
	},
	{
		"name":"turretskin2_png",
		"type":"image",
		"url":"assets/td/turretskin2.png"
	},
	{
		"name":"turretskin3_json",
		"type":"json",
		"url":"assets/td/turretskin3.json"
	},
	{
		"name":"turretskin3_png",
		"type":"image",
		"url":"assets/td/turretskin3.png"
	},
	{
		"name":"bullet1",
		"type":"image",
		"url":"assets/bullet1.png"
	},
	{
		"name":"panelbackground",
		"type":"image",
		"url":"assets/panelbackground.jpg"
	},
	{
		"name":"scene1turret_json",
		"type":"json",
		"url":"assets/scene1/scene1turret.json"
	},
	{
		"name":"sprite1_down_json",
		"type":"json",
		"url":"assets/sprite/sprite1_down.json"
	},
	{
		"name":"sprite1_down_png",
		"type":"image",
		"url":"assets/sprite/sprite1_down.png"
	},
	{
		"name":"sprite1_right_json",
		"type":"json",
		"url":"assets/sprite/sprite1_right.json"
	},
	{
		"name":"sprite1_right_png",
		"type":"image",
		"url":"assets/sprite/sprite1_right.png"
	},
	{
		"name":"scene1sprite_json",
		"type":"json",
		"url":"assets/scene1/scene1sprite.json"
	},
	{
		"name":"scene2bg_jpg",
		"type":"image",
		"url":"assets/scene2/scene2bg.jpg"
	},
	{
		"name":"scene2sprite_json",
		"type":"json",
		"url":"assets/scene2/scene2sprite.json"
	},
	{
		"name":"scene2turret_json",
		"type":"json",
		"url":"assets/scene2/scene2turret.json"
	},
	{
		"name":"sprite1_left_json",
		"type":"json",
		"url":"assets/sprite/sprite1_left.json"
	},
	{
		"name":"sprite1_left_png",
		"type":"image",
		"url":"assets/sprite/sprite1_left.png"
	},
	{
		"name":"sprite1_up_json",
		"type":"json",
		"url":"assets/sprite/sprite1_up.json"
	},
	{
		"name":"sprite1_up_png",
		"type":"image",
		"url":"assets/sprite/sprite1_up.png"
	},
	{
		"name":"spritehp_png",
		"type":"image",
		"url":"assets/spritehp.png"
	},
	{
		"name":"spritehpbg_png",
		"type":"image",
		"url":"assets/spritehpbg.png"
	}]
}