{"frames":{"img_nvren-sc/duihuakuang2":{"offX":0,"y":95,"h":92,"offY":0,"w":244,"x":0},"img_nvren-sc/nvren2":{"offX":-2,"y":189,"h":167,"offY":0,"w":144,"x":0},"img_nvren-sc/duihuakuang1":{"offX":0,"y":0,"h":93,"offY":0,"w":244,"x":246},"img_nvren-sc/duihuakuang3":{"offX":0,"y":0,"h":93,"offY":0,"w":244,"x":0},"img_nvren-sc/nvren1":{"offX":-1,"y":95,"h":173,"offY":-2,"w":139,"x":246},"img_nvren-sc/nvren4":{"offX":-1,"y":270,"h":170,"offY":-1,"w":139,"x":146},"img_nvren-sc/nvren3":{"offX":-1,"y":270,"h":167,"offY":-1,"w":138,"x":287}},"file":"nvren.png"}