{"btn":{},"comp":{},"mc":{"mc_nvren":{"loop":false,"objCount":{"img_nvren-sc/duihuakuang2":["img",1],"img_nvren-sc/nvren2":["img",1],"img_nvren-sc/duihuakuang1":["img",1],"img_nvren-sc/duihuakuang3":["img",1],"img_nvren-sc/nvren1":["img",4],"img_nvren-sc/nvren4":["img",1],"img_nvren-sc/nvren3":["img",1]},"labels":[["1",0,21],["2",22,47],["3",48,69],["4",70,70]],"frames":[[["img_nvren-sc/nvren1","img",9,-83.6,1,1,0,0,1,"",0]],[["img_nvren-sc/nvren1","img",9,-83.6,1,1,0,0,1,"",0]],[["img_nvren-sc/nvren1","img",9,-83.6,1,1,0,0,1,"",0]],[["img_nvren-sc/nvren1","img",9,-83.6,1,1,0,0,1,"",0]],[["img_nvren-sc/nvren1","img",9,-83.6,1,1,0,0,1,"",0]],[["img_nvren-sc/nvren2","img",0.15,-81.95,1,1,0,0,1,"",0],["img_nvren-sc/duihuakuang1","img",-85.3,-76,0.196990966796875,0.196990966796875,0,0,1,"",0]],[["img_nvren-sc/nvren2","img",0.15,-81.95,1,1,0,0,1,"",0],["img_nvren-sc/duihuakuang1","img",-116.5,-86.65,0.4691162109375,0.4728546142578125,0,0,1,"",0]],[["img_nvren-sc/nvren2","img",0.15,-81.95,1,1,0,0,1,"",0],["img_nvren-sc/duihuakuang1","img",-147.65,-97.3,0.741241455078125,0.74871826171875,0,0,1,"",0]],[["img_nvren-sc/nvren2","img",0.15,-81.95,1,1,0,0,1,"",0],["img_nvren-sc/duihuakuang1","img",-179.05,-107.8,1.0133514404296875,1.024566650390625,0,0,1,"",0]],[["img_nvren-sc/nvren2","img",0.15,-81.95,1,1,0,0,1,"",0],["img_nvren-sc/duihuakuang1","img",-178.65,-107.8,1.010009765625,1.0184326171875,0,0,1,"",0]],[["img_nvren-sc/nvren2","img",0.15,-81.95,1,1,0,0,1,"",0],["img_nvren-sc/duihuakuang1","img",-178.25,-107.85,1.006683349609375,1.012298583984375,0,0,1,"",0]],[["img_nvren-sc/nvren2","img",0.15,-81.95,1,1,0,0,1,"",0],["img_nvren-sc/duihuakuang1","img",-177.95,-107.85,1.0033416748046875,1.0061492919921875,0,0,1,"",0]],[["img_nvren-sc/nvren2","img",0.15,-81.95,1,1,0,0,1,"",0],["img_nvren-sc/duihuakuang1","img",-177.5,-107.9,1,1,0,0,1,"",0]],[["img_nvren-sc/nvren2","img",0.15,-81.95,1,1,0,0,1,"",0],["img_nvren-sc/duihuakuang1","img",-177.5,-107.9,1,1,0,0,1,"",0]],[["img_nvren-sc/nvren2","img",0.15,-81.95,1,1,0,0,1,"",0],["img_nvren-sc/duihuakuang1","img",-177.5,-107.9,1,1,0,0,1,"",0]],[["img_nvren-sc/nvren2","img",0.15,-81.95,1,1,0,0,1,"",0],["img_nvren-sc/duihuakuang1","img",-177.5,-107.9,1,1,0,0,1,"",0]],[["img_nvren-sc/nvren2","img",0.15,-81.95,1,1,0,0,1,"",0],["img_nvren-sc/duihuakuang1","img",-177.5,-107.9,1,1,0,0,1,"",0]],[["img_nvren-sc/nvren2","img",0.15,-81.95,1,1,0,0,1,"",0],["img_nvren-sc/duihuakuang1","img",-177.5,-107.9,1,1,0,0,1,"",0]],[["img_nvren-sc/nvren2","img",0.15,-81.95,1,1,0,0,1,"",0],["img_nvren-sc/duihuakuang1","img",-177.5,-107.9,1,1,0,0,1,"",0]],[["img_nvren-sc/nvren2","img",0.15,-81.95,1,1,0,0,1,"",0],["img_nvren-sc/duihuakuang1","img",-177.5,-107.9,1,1,0,0,1,"",0]],[["img_nvren-sc/nvren2","img",0.15,-81.95,1,1,0,0,1,"",0],["img_nvren-sc/duihuakuang1","img",-177.5,-107.9,1,1,0,0,1,"",0]],[["img_nvren-sc/nvren1","img",10,-83.6,1,1,0,0,1,"",1]],[["img_nvren-sc/nvren3","img",-0.45,-82.2,1,1,0,0,1,"",0]],[["img_nvren-sc/nvren3","img",-0.45,-82.2,1,1,0,0,1,"",0]],[["img_nvren-sc/nvren3","img",-0.45,-82.2,1,1,0,0,1,"",0]],[["img_nvren-sc/nvren3","img",-0.45,-82.2,1,1,0,0,1,"",0]],[["img_nvren-sc/nvren3","img",-0.45,-82.2,1,1,0,0,1,"",0]],[["img_nvren-sc/nvren3","img",-0.45,-82.2,1,1,0,0,1,"",0],["img_nvren-sc/duihuakuang3","img",-85.3,-76,0.196990966796875,0.196990966796875,0,0,1,"",0]],[["img_nvren-sc/nvren3","img",-0.45,-82.2,1,1,0,0,1,"",0],["img_nvren-sc/duihuakuang3","img",-108.7,-83.95,0.4010772705078125,0.4038848876953125,0,0,1,"",0]],[["img_nvren-sc/nvren3","img",-0.45,-82.2,1,1,0,0,1,"",0],["img_nvren-sc/duihuakuang3","img",-132.05,-92,0.6051788330078125,0.61077880859375,0,0,1,"",0]],[["img_nvren-sc/nvren3","img",-0.45,-82.2,1,1,0,0,1,"",0],["img_nvren-sc/duihuakuang3","img",-155.45,-99.95,0.80926513671875,0.8176727294921875,0,0,1,"",0]],[["img_nvren-sc/nvren3","img",-0.45,-82.2,1,1,0,0,1,"",0],["img_nvren-sc/duihuakuang3","img",-179.05,-107.8,1.0133514404296875,1.024566650390625,0,0,1,"",0]],[["img_nvren-sc/nvren3","img",-0.45,-82.2,1,1,0,0,1,"",0],["img_nvren-sc/duihuakuang3","img",-178.75,-107.65,1.0106964111328125,1.0196533203125,0,0,1,"",0]],[["img_nvren-sc/nvren3","img",-0.45,-82.2,1,1,0,0,1,"",0],["img_nvren-sc/duihuakuang3","img",-178.4,-107.4,1.0080108642578125,1.0147552490234375,0,0,1,"",0]],[["img_nvren-sc/nvren3","img",-0.45,-82.2,1,1,0,0,1,"",0],["img_nvren-sc/duihuakuang3","img",-178.15,-107.25,1.005340576171875,1.0098419189453125,0,0,1,"",0]],[["img_nvren-sc/nvren3","img",-0.45,-82.2,1,1,0,0,1,"",0],["img_nvren-sc/duihuakuang3","img",-177.85,-107.05,1.002685546875,1.004913330078125,0,0,1,"",0]],[["img_nvren-sc/nvren3","img",-0.45,-82.2,1,1,0,0,1,"",0],["img_nvren-sc/duihuakuang3","img",-177.5,-106.9,1,1,0,0,1,"",0]],[["img_nvren-sc/nvren3","img",-0.45,-82.2,1,1,0,0,1,"",0],["img_nvren-sc/duihuakuang3","img",-177.5,-106.9,1,1,0,0,1,"",0]],[["img_nvren-sc/nvren3","img",-0.45,-82.2,1,1,0,0,1,"",0],["img_nvren-sc/duihuakuang3","img",-177.5,-106.9,1,1,0,0,1,"",0]],[["img_nvren-sc/nvren3","img",-0.45,-82.2,1,1,0,0,1,"",0],["img_nvren-sc/duihuakuang3","img",-177.5,-106.9,1,1,0,0,1,"",0]],[["img_nvren-sc/nvren3","img",-0.45,-82.2,1,1,0,0,1,"",0],["img_nvren-sc/duihuakuang3","img",-177.5,-106.9,1,1,0,0,1,"",0]],[["img_nvren-sc/nvren3","img",-0.45,-82.2,1,1,0,0,1,"",0],["img_nvren-sc/duihuakuang3","img",-177.5,-106.9,1,1,0,0,1,"",0]],[["img_nvren-sc/nvren3","img",-0.45,-82.2,1,1,0,0,1,"",0],["img_nvren-sc/duihuakuang3","img",-177.5,-106.9,1,1,0,0,1,"",0]],[["img_nvren-sc/nvren3","img",-0.45,-82.2,1,1,0,0,1,"",0],["img_nvren-sc/duihuakuang3","img",-177.5,-106.9,1,1,0,0,1,"",0]],[["img_nvren-sc/nvren3","img",-0.45,-82.2,1,1,0,0,1,"",0],["img_nvren-sc/duihuakuang3","img",-177.5,-106.9,1,1,0,0,1,"",0]],[["img_nvren-sc/nvren3","img",-0.45,-82.2,1,1,0,0,1,"",0],["img_nvren-sc/duihuakuang3","img",-177.5,-106.9,1,1,0,0,1,"",0]],[["img_nvren-sc/nvren3","img",-0.45,-82.2,1,1,0,0,1,"",0],["img_nvren-sc/duihuakuang3","img",-177.5,-106.9,1,1,0,0,1,"",0]],[["img_nvren-sc/nvren3","img",-0.45,-82.2,1,1,0,0,1,"",0],["img_nvren-sc/duihuakuang3","img",-177.5,-106.9,1,1,0,0,1,"",0]],[["img_nvren-sc/nvren1","img",9,-83.6,1,1,0,0,1,"",2],["img_nvren-sc/duihuakuang2","img",-85.3,-76,0.196990966796875,0.196990966796875,0,0,1,"",0]],[["img_nvren-sc/nvren1","img",9,-83.6,1,1,0,0,1,"",2],["img_nvren-sc/duihuakuang2","img",-98.7,-80.55,0.3136138916015625,0.315216064453125,0,0,1,"",0]],[["img_nvren-sc/nvren1","img",9,-83.6,1,1,0,0,1,"",2],["img_nvren-sc/duihuakuang2","img",-112.05,-85.1,0.43023681640625,0.433441162109375,0,0,1,"",0]],[["img_nvren-sc/nvren1","img",9,-83.6,1,1,0,0,1,"",2],["img_nvren-sc/duihuakuang2","img",-125.45,-89.7,0.5468597412109375,0.551666259765625,0,0,1,"",0]],[["img_nvren-sc/nvren1","img",9,-83.6,1,1,0,0,1,"",2],["img_nvren-sc/duihuakuang2","img",-138.75,-94.25,0.663482666015625,0.669891357421875,0,0,1,"",0]],[["img_nvren-sc/nvren4","img",8.7,-84.75,1,1,0,0,1,"",0],["img_nvren-sc/duihuakuang2","img",-152.15,-98.8,0.7801055908203125,0.788116455078125,0,0,1,"",0]],[["img_nvren-sc/nvren4","img",8.7,-84.75,1,1,0,0,1,"",0],["img_nvren-sc/duihuakuang2","img",-165.5,-103.35,0.896728515625,0.906341552734375,0,0,1,"",0]],[["img_nvren-sc/nvren4","img",8.7,-84.75,1,1,0,0,1,"",0],["img_nvren-sc/duihuakuang2","img",-179.05,-107.8,1.0133514404296875,1.024566650390625,0,0,1,"",0]],[["img_nvren-sc/nvren4","img",8.7,-84.75,1,1,0,0,1,"",0],["img_nvren-sc/duihuakuang2","img",-178.85,-107.7,1.0117034912109375,1.0214996337890625,0,0,1,"",0]],[["img_nvren-sc/nvren4","img",8.7,-84.75,1,1,0,0,1,"",0],["img_nvren-sc/duihuakuang2","img",-178.65,-107.55,1.010009765625,1.0184326171875,0,0,1,"",0]],[["img_nvren-sc/nvren4","img",8.7,-84.75,1,1,0,0,1,"",0],["img_nvren-sc/duihuakuang2","img",-178.45,-107.5,1.00836181640625,1.0153656005859375,0,0,1,"",0]],[["img_nvren-sc/nvren4","img",8.7,-84.75,1,1,0,0,1,"",0],["img_nvren-sc/duihuakuang2","img",-178.25,-107.35,1.006683349609375,1.012298583984375,0,0,1,"",0]],[["img_nvren-sc/nvren4","img",8.7,-84.75,1,1,0,0,1,"",0],["img_nvren-sc/duihuakuang2","img",-178.15,-107.25,1.0050201416015625,1.0092315673828125,0,0,1,"",0]],[["img_nvren-sc/nvren4","img",8.7,-84.75,1,1,0,0,1,"",0],["img_nvren-sc/duihuakuang2","img",-177.95,-107.1,1.0033416748046875,1.0061492919921875,0,0,1,"",0]],[["img_nvren-sc/nvren4","img",8.7,-84.75,1,1,0,0,1,"",0],["img_nvren-sc/duihuakuang2","img",-177.75,-107,1.001678466796875,1.0030670166015625,0,0,1,"",0]],[["img_nvren-sc/nvren4","img",8.7,-84.75,1,1,0,0,1,"",0],["img_nvren-sc/duihuakuang2","img",-177.5,-106.9,1,1,0,0,1,"",0]],[["img_nvren-sc/nvren4","img",8.7,-84.75,1,1,0,0,1,"",0],["img_nvren-sc/duihuakuang2","img",-177.5,-106.9,1,1,0,0,1,"",0]],[["img_nvren-sc/nvren4","img",8.7,-84.75,1,1,0,0,1,"",0],["img_nvren-sc/duihuakuang2","img",-177.5,-106.9,1,1,0,0,1,"",0]],[["img_nvren-sc/nvren4","img",8.7,-84.75,1,1,0,0,1,"",0],["img_nvren-sc/duihuakuang2","img",-177.5,-106.9,1,1,0,0,1,"",0]],[["img_nvren-sc/nvren4","img",8.7,-84.75,1,1,0,0,1,"",0],["img_nvren-sc/duihuakuang2","img",-177.5,-106.9,1,1,0,0,1,"",0]],[["img_nvren-sc/nvren4","img",8.7,-84.75,1,1,0,0,1,"",0],["img_nvren-sc/duihuakuang2","img",-177.5,-106.9,1,1,0,0,1,"",0]],[["img_nvren-sc/nvren1","img",9,-83.6,1,1,0,0,1,"",3]],[["img_nvren-sc/nvren1","img",9,-83.6,1,1,0,0,1,"",3]]],"frameEvents":{}}},"img":{"img_nvren-sc/duihuakuang2":[125.95,47.55],"img_nvren-sc/nvren2":[73.25,84.55],"img_nvren-sc/duihuakuang1":[126,48.05],"img_nvren-sc/duihuakuang3":[125.95,48.05],"img_nvren-sc/nvren1":[70.5,88.2],"img_nvren-sc/nvren4":[70,85.2],"img_nvren-sc/nvren3":[69.75,85.25]},"spr":{},"shapeImg":{},"s9":{},"particle":{}}