{"file":"guanka004.png","frames":{"img_guangka004-sc/texiao004":{"y":163,"w":160,"h":135,"offY":-2,"offX":-1,"x":175},"img_guangka004-sc/xiaorenjianying":{"y":251,"w":76,"h":79,"offY":0,"offX":-9,"x":424},"img_guangka004-sc/texiao001":{"y":251,"w":85,"h":72,"offY":-4,"offX":-1,"x":337},"img_guangka004-sc/xiaoren3":{"y":300,"w":73,"h":79,"offY":-1,"offX":0,"x":251},"img_guangka004-sc/texiao005":{"y":156,"w":173,"h":145,"offY":0,"offX":0,"x":0},"img_guangka004-sc/texiao006":{"y":0,"w":182,"h":154,"offY":-1,"offX":0,"x":0},"img_guangka004-sc/gezixin2":{"y":303,"w":76,"h":71,"offY":-1,"offX":0,"x":79},"img_guangka004-sc/texiao002":{"y":127,"w":106,"h":122,"offY":-2,"offX":0,"x":353},"img_guangka004-sc/xinxian":{"y":325,"w":76,"h":71,"offY":0,"offX":0,"x":326},"img_guangka004-sc/zhongxinfzinf1":{"y":300,"w":74,"h":78,"offY":-2,"offX":-1,"x":175},"img_guangka004-sc/texiao003":{"y":0,"w":150,"h":125,"offY":0,"offX":0,"x":353},"img_guangka004-sc/texiao007":{"y":0,"w":167,"h":161,"offY":-3,"offX":-2,"x":184},"img_元件 1":{"y":303,"w":77,"h":73,"offY":0,"offX":0,"x":0}}}