{"mc":{"mc_mc4Btn2Efc":{"loop":false,"objCount":{"img_guangka004-sc/texiao005":["img",1],"img_guangka004-sc/texiao004":["img",1],"img_guangka004-sc/texiao001":["img",1],"img_guangka004-sc/texiao006":["img",1],"img_guangka004-sc/zhongxinfzinf1":["img",1],"img_元件 1":["img",1]},"labels":[["1",0,5]],"frames":[[["img_元件 1","img",-35.7,-32.5,1,1,0,0,1,"",0]],[["img_guangka004-sc/zhongxinfzinf1","img",2.3,3.5,1,1,0,0,1,"",0],["img_guangka004-sc/texiao001","img",-2.65,-2.35,0.728973388671875,0.728973388671875,0,0,1,"",0]],[["img_guangka004-sc/zhongxinfzinf1","img",2.3,-5,1.1015625,1.1015625,0,0,1,"",0],["img_guangka004-sc/texiao004","img",5.6,-6.7,0.728973388671875,0.728973388671875,0,0,1,"",0]],[["img_guangka004-sc/zhongxinfzinf1","img",2.25,1.8,1.040802001953125,1.040802001953125,0,0,1,"",0],["img_guangka004-sc/texiao005","img",6.5,-6.15,0.728973388671875,0.728973388671875,0,0,1,"",0]],[["img_guangka004-sc/zhongxinfzinf1","img",2.3,8.5,0.9799957275390625,0.9799957275390625,0,0,1,"",0],["img_guangka004-sc/texiao006","img",6.85,-7.55,0.728973388671875,0.728973388671875,0,0,1,"",0]],[["img_guangka004-sc/zhongxinfzinf1","img",2.3,3.5,1,1,0,0,1,"",0]]],"frameEvents":{}},"mc_mc4Btn1Efc":{"loop":false,"objCount":{"img_guangka004-sc/texiao004":["img",1],"img_guangka004-sc/xiaorenjianying":["img",1],"img_guangka004-sc/texiao001":["img",1],"img_guangka004-sc/xiaoren3":["img",1],"img_guangka004-sc/texiao005":["img",1],"img_guangka004-sc/texiao006":["img",1]},"labels":[["1",0,5]],"frames":[[["img_guangka004-sc/xiaorenjianying","img",-4.2,4.35,1,1,0,0,1,"",0]],[["img_guangka004-sc/xiaoren3","img",1.5,3.65,1,1,0,0,1,"",0],["img_guangka004-sc/texiao001","img",-3.65,-0.35,0.728973388671875,0.728973388671875,0,0,1,"",0]],[["img_guangka004-sc/xiaoren3","img",1.5,-1.35,1.1020965576171875,1.1020965576171875,0,0,1,"",0],["img_guangka004-sc/texiao004","img",4.6,-4.7,0.728973388671875,0.728973388671875,0,0,1,"",0]],[["img_guangka004-sc/xiaoren3","img",1.5,8.65,0.9799957275390625,0.9799957275390625,0,0,1,"",0],["img_guangka004-sc/texiao005","img",5.5,-4.15,0.728973388671875,0.728973388671875,0,0,1,"",0]],[["img_guangka004-sc/xiaoren3","img",1.45,6.15,0.990020751953125,0.990020751953125,0,0,1,"",0],["img_guangka004-sc/texiao006","img",5.85,-5.55,0.728973388671875,0.728973388671875,0,0,1,"",0]],[["img_guangka004-sc/xiaoren3","img",1.5,3.65,1,1,0,0,1,"",0]]],"frameEvents":{}},"mc_mc4Btn3Efc":{"loop":false,"objCount":{"img_guangka004-sc/gezixin2":["img",1],"img_guangka004-sc/xinxian":["img",1],"img_guangka004-sc/texiao001":["img",1],"img_guangka004-sc/texiao005":["img",1],"img_guangka004-sc/texiao004":["img",1],"img_guangka004-sc/texiao006":["img",1]},"labels":[["1",0,5]],"frames":[[["img_guangka004-sc/xinxian","img",0,3,1,1,0,0,1,"",0]],[["img_guangka004-sc/gezixin2","img",-0.2,2.2,1,1,0,0,1,"",0],["img_guangka004-sc/texiao001","img",-3.65,0.65,0.728973388671875,0.728973388671875,0,0,1,"",0]],[["img_guangka004-sc/gezixin2","img",-0.2,-2.8,1.11236572265625,1.11236572265625,0,0,1,"",0],["img_guangka004-sc/texiao004","img",4.6,-3.7,0.728973388671875,0.728973388671875,0,0,1,"",0]],[["img_guangka004-sc/gezixin2","img",-0.2,2.7,1.0411834716796875,1.0411834716796875,0,0,1,"",0],["img_guangka004-sc/texiao005","img",5.5,-3.15,0.728973388671875,0.728973388671875,0,0,1,"",0]],[["img_guangka004-sc/gezixin2","img",-0.2,8.2,0.9699859619140625,0.9699859619140625,0,0,1,"",0],["img_guangka004-sc/texiao006","img",5.85,-4.55,0.728973388671875,0.728973388671875,0,0,1,"",0]],[["img_guangka004-sc/gezixin2","img",-0.2,2.2,1,1,0,0,1,"",0]]],"frameEvents":{}}},"btn":{},"s9":{},"shapeImg":{},"spr":{},"comp":{},"img":{"img_guangka004-sc/texiao004":[81.5,68.5],"img_guangka004-sc/xiaorenjianying":[44.25,42.25],"img_guangka004-sc/texiao001":[44.25,40],"img_guangka004-sc/xiaoren3":[38.2,41],"img_guangka004-sc/texiao005":[86.25,72.75],"img_guangka004-sc/texiao006":[91.25,77.5],"img_guangka004-sc/gezixin2":[38,36.85],"img_guangka004-sc/texiao002":[54.05,63.5],"img_guangka004-sc/xinxian":[38.3,36.55],"img_guangka004-sc/zhongxinfzinf1":[37.75,39.95],"img_guangka004-sc/texiao003":[76.05,62.5],"img_guangka004-sc/texiao007":[84.55,82.6],"img_元件 1":[0,0]},"particle":{}}