{
  "eles":[
    {
      "id":"h1",
      "type":"head",
      "icon":"m_106002_F_F_png",
      "resNames":["m_106002_F_F_png"]
    },
    {
      "id":"h2",
      "type":"head",
      "icon":"m_106003_F_F_png",
      "resNames":["m_106003_F_F_png"]
    },
    {
      "id":"h3",
      "type":"head",
      "icon":"m_106004_F_F_png",
      "resNames":["m_106004_F_F_png"]
    },
    {
      "id":"h4",
      "type":"head",
      "icon":"m_106005_F_F_png",
      "resNames":["m_106005_F_F_png"]
    },
    {
      "id":"h5",
      "type":"head",
      "icon":"m_106011_F_F_png",
      "resNames":["m_106011_F_F_png"]
    },
    {
      "id":"h6",
      "type":"head",
      "icon":"m_106012_F_F_png",
      "resNames":["m_106012_F_F_png"]
    },
    {
      "id":"c1",
      "type":"cloth",
      "icon":"m_122002_png",
      "resNames":["m_122002_F_S_png","m_122002_F_L1_png","","m_122002_F_R1_png",""]
    },
    {
      "id":"c2",
      "type":"cloth",
      "icon":"m_122003_png",
      "resNames":["m_122003_F_S_png","m_122003_F_L1_png","","m_122003_F_R1_png",""]
    },
    {
      "id":"c3",
      "type":"cloth",
      "icon":"m_121004_png",
      "resNames":["m_121004_F_S_png","m_121004_F_L1_png","m_121004_F_L2_png","m_121004_F_R1_png","m_121004_F_R2_png"]
    },
    {
      "id":"c4",
      "type":"cloth",
      "icon":"item_m_121005_png",
      "resNames":["m_121005_F_S_png","m_121005_F_L1_png","m_121005_F_L2_png","m_121005_F_R1_png","m_121005_F_R2_png"]
    },
    {
      "id":"c5",
      "type":"cloth",
      "icon":"m_121011_png",
      "resNames":["m_121011_F_S_png","m_121011_F_L1_png","m_121011_F_L2_png","m_121011_F_R1_png","m_121011_F_R2_png"]
    },
    {
      "id":"c6",
      "type":"cloth",
      "icon":"m_122012_png",
      "resNames":["m_122012_F_S_png","m_122012_F_L1_png","","m_122012_F_R1_png",""]
    },
    {
      "id":"p1",
      "type":"pants",
      "icon":"m_131002_png",
      "resNames":["m_131002_F_ASS_png","m_131002_F_L2_png","m_131002_F_L1_png","m_131002_F_R2_png","m_131002_F_R1_png"]
    },
    {
      "id":"p2",
      "type":"pants",
      "icon":"m_132003_png",
      "resNames":["mm_131003_F_ASS_png","mm_131003_F_L2_png","mm_131003_F_L1_png","mm_131003_F_R2_png","mm_131003_F_R1_png"]
    },
    {
      "id":"p3",
      "type":"pants",
      "icon":"m_131004_png",
      "resNames":["m_131004_F_ASS_png","m_131004_F_L2_png","m_131004_F_L1_png","m_131004_F_R2_png","m_131004_F_R1_png"]
    },
    {
      "id":"p4",
      "type":"pants",
      "icon":"item_m_121005_png",
      "resNames":["m_131005_F_ASS_png","m_131005_F_L2_png","m_131005_F_L1_png","m_131005_F_R2_png","m_131005_F_R1_png"]
    },
    {
      "id":"p5",
      "type":"pants",
      "icon":"m_131011_png",
      "resNames":["m_131011_F_ASS_png","m_131011_F_L2_png","m_131011_F_L1_png","m_131011_F_R2_png","m_131011_F_R1_png"]
    },
    {
      "id":"p6",
      "type":"pants",
      "icon":"m_132012_png",
      "resNames":["m_132012_F_ASS_png","","m_132012_F_L1_png","","m_132012_F_R1_png"]
    },
    {
      "id":"s1",
      "type":"shoe",
      "icon":"m_116002_png",
      "resNames":["m_116002_F_R_png","m_116002_F_L_png"]
    },
    {
      "id":"s2",
      "type":"shoe",
      "icon":"m_116003_png",
      "resNames":["m_116003_F_R_png","m_116003_F_L_png"]
    },
    {
      "id":"s3",
      "type":"shoe",
      "icon":"m_116004_png",
      "resNames":["m_116004_F_R_png","m_116004_F_L_png"]
    },
    {
      "id":"s4",
      "type":"shoe",
      "icon":"m_116005_png",
      "resNames":["m_116005_F_R_png","m_116005_F_L_png"]
    },
    {
      "id":"s5",
      "type":"shoe",
      "icon":"m_116011_png",
      "resNames":["m_116011_F_R_png","m_116011_F_L_png"]
    },
    {
      "id":"s6",
      "type":"shoe",
      "icon":"m_116012_png",
      "resNames":["m_116012_F_R_png","m_116012_F_L_png"]
    }
  ],
  "all":[
    {
      "id":"all1",
      "icon":"all1_png",
      "resNames":["h1","c1","p1","s1"]
    },
    {
      "id":"all2",
      "icon":"all2_png",
      "resNames":["h2","c2","p2","s2"]
    },
    {
      "id":"all3",
      "icon":"all3_png",
      "resNames":["h3","c3","p3","s3"]
    },
    {
      "id":"all4",
      "icon":"all4_png",
      "resNames":["h4","c4","p4","s4"]
    }
  ],
  "group":[
    {
      "id":"g1",
      "icon":"taozhuang_png",
      "type":"all"
    },
    {
      "id":"g2",
      "icon":"toufa_2_png",
      "type":"head"
    },
    {
      "id":"g3",
      "icon":"shangyi_png",
      "type":"cloth"
    },
    {
      "id":"g4",
      "icon":"kuzi_png",
      "type":"pants"
    },
    {
      "id":"g5",
      "icon":"xiezi_png",
      "type":"shoe"
    }
  ]
}