{"file":"skin.png","frames":{
"m_116002_png":{"x":809,"y":846,"w":48,"h":26,"offX":26,"offY":37,"sourceW":100,"sourceH":100},
"m_122002_png":{"x":400,"y":945,"w":44,"h":56,"offX":28,"offY":22,"sourceW":100,"sourceH":100},
"m_131002_png":{"x":430,"y":786,"w":42,"h":52,"offX":29,"offY":24,"sourceW":100,"sourceH":100},
"m_106002_F_F_png":{"x":2,"y":524,"w":220,"h":195,"offX":38,"offY":21,"sourceW":311,"sourceH":378},
"m_116002_F_L_png":{"x":623,"y":770,"w":46,"h":35,"offX":7,"offY":23,"sourceW":58,"sourceH":66},
"m_116002_F_R_png":{"x":534,"y":730,"w":46,"h":35,"offX":7,"offY":26,"sourceW":58,"sourceH":66},
"m_122002_F_L1_png":{"x":989,"y":651,"w":31,"h":44,"offX":0,"offY":2,"sourceW":59,"sourceH":71},
"m_122002_F_R1_png":{"x":273,"y":821,"w":34,"h":39,"offX":25,"offY":1,"sourceW":59,"sourceH":71},
"m_122002_F_S_png":{"x":2,"y":723,"w":85,"h":107,"offX":10,"offY":19,"sourceW":110,"sourceH":161},
"m_131002_F_ASS_png":{"x":689,"y":743,"w":84,"h":34,"offX":11,"offY":46,"sourceW":110,"sourceH":100},
"m_131002_F_L1_png":{"x":979,"y":104,"w":41,"h":83,"offX":1,"offY":16,"sourceW":55,"sourceH":105},
"m_131002_F_L2_png":{"x":584,"y":730,"w":35,"h":46,"offX":7,"offY":0,"sourceW":55,"sourceH":83},
"m_131002_F_R1_png":{"x":134,"y":830,"w":38,"h":73,"offX":13,"offY":21,"sourceW":55,"sourceH":105},
"m_131002_F_R2_png":{"x":575,"y":781,"w":35,"h":45,"offX":16,"offY":0,"sourceW":55,"sourceH":83},
"m_116003_png":{"x":725,"y":781,"w":48,"h":30,"offX":26,"offY":35,"sourceW":100,"sourceH":100},
"m_122003_png":{"x":777,"y":746,"w":50,"h":57,"offX":25,"offY":22,"sourceW":100,"sourceH":100},
"m_132003_png":{"x":957,"y":881,"w":44,"h":60,"offX":28,"offY":20,"sourceW":100,"sourceH":100},
"m_106003_F_F_png":{"x":650,"y":322,"w":219,"h":170,"offX":52,"offY":42,"sourceW":311,"sourceH":378},
"m_116003_F_L_png":{"x":401,"y":900,"w":47,"h":40,"offX":4,"offY":21,"sourceW":58,"sourceH":66},
"m_116003_F_R_png":{"x":278,"y":865,"w":47,"h":40,"offX":5,"offY":22,"sourceW":58,"sourceH":66},
"m_122003_F_L1_png":{"x":614,"y":809,"w":29,"h":37,"offX":1,"offY":2,"sourceW":59,"sourceH":71},
"m_122003_F_R1_png":{"x":861,"y":850,"w":32,"h":39,"offX":25,"offY":2,"sourceW":59,"sourceH":71},
"m_122003_F_S_png":{"x":870,"y":135,"w":100,"h":112,"offX":8,"offY":9,"sourceW":110,"sourceH":161},
"mm_131003_F_ASS_png":{"x":930,"y":772,"w":80,"h":48,"offX":13,"offY":32,"sourceW":110,"sourceH":100},
"mm_131003_F_L1_png":{"x":181,"y":808,"w":39,"h":81,"offX":1,"offY":17,"sourceW":55,"sourceH":105},
"mm_131003_F_L2_png":{"x":488,"y":842,"w":34,"h":51,"offX":5,"offY":0,"sourceW":55,"sourceH":83},
"mm_131003_F_R1_png":{"x":916,"y":824,"w":37,"h":72,"offX":17,"offY":20,"sourceW":55,"sourceH":105},
"mm_131003_F_R2_png":{"x":777,"y":807,"w":28,"h":45,"offX":21,"offY":0,"sourceW":55,"sourceH":83},
"m_116004_png":{"x":526,"y":828,"w":45,"h":30,"offX":28,"offY":35,"sourceW":100,"sourceH":100},
"m_121004_png":{"x":625,"y":703,"w":60,"h":63,"offX":20,"offY":19,"sourceW":100,"sourceH":100},
"m_131004_png":{"x":489,"y":730,"w":41,"h":57,"offX":30,"offY":22,"sourceW":100,"sourceH":100},
"m_106004_F_F_png":{"x":2,"y":115,"w":253,"h":206,"offX":25,"offY":33,"sourceW":311,"sourceH":378},
"m_116004_F_L_png":{"x":310,"y":945,"w":44,"h":57,"offX":6,"offY":3,"sourceW":58,"sourceH":66},
"m_116004_F_R_png":{"x":214,"y":945,"w":44,"h":57,"offX":8,"offY":6,"sourceW":58,"sourceH":66},
"m_121004_F_L1_png":{"x":831,"y":774,"w":40,"h":68,"offX":1,"offY":2,"sourceW":59,"sourceH":71},
"m_121004_F_L2_png":{"x":575,"y":830,"w":34,"h":46,"offX":15,"offY":0,"sourceW":85,"sourceH":81},
"m_121004_F_R1_png":{"x":979,"y":427,"w":42,"h":61,"offX":14,"offY":8,"sourceW":59,"sourceH":71},
"m_121004_F_R2_png":{"x":358,"y":863,"w":39,"h":52,"offX":29,"offY":2,"sourceW":85,"sourceH":81},
"m_121004_F_S_png":{"x":870,"y":2,"w":94,"h":129,"offX":3,"offY":14,"sourceW":110,"sourceH":161},
"m_131004_F_ASS_png":{"x":709,"y":649,"w":80,"h":50,"offX":13,"offY":30,"sourceW":110,"sourceH":100},
"m_131004_F_L1_png":{"x":181,"y":723,"w":39,"h":81,"offX":1,"offY":17,"sourceW":55,"sourceH":105},
"m_131004_F_L2_png":{"x":450,"y":842,"w":34,"h":51,"offX":5,"offY":0,"sourceW":55,"sourceH":83},
"m_131004_F_R1_png":{"x":875,"y":774,"w":37,"h":72,"offX":17,"offY":20,"sourceW":55,"sourceH":105},
"m_131004_F_R2_png":{"x":54,"y":834,"w":28,"h":45,"offX":21,"offY":0,"sourceW":55,"sourceH":83},
"item_m_121005_png":{"x":358,"y":423,"w":57,"h":91,"offX":22,"offY":4,"sourceW":100,"sourceH":100},
"m_116005_png":{"x":673,"y":781,"w":48,"h":30,"offX":26,"offY":35,"sourceW":100,"sourceH":100},
"m_106005_F_F_png":{"x":428,"y":115,"w":243,"h":196,"offX":39,"offY":40,"sourceW":311,"sourceH":378},
"m_116005_F_L_png":{"x":452,"y":900,"w":45,"h":40,"offX":6,"offY":19,"sourceW":58,"sourceH":66},
"m_116005_F_R_png":{"x":401,"y":842,"w":45,"h":40,"offX":7,"offY":18,"sourceW":58,"sourceH":66},
"m_121005_F_L1_png":{"x":2,"y":904,"w":44,"h":67,"offX":3,"offY":3,"sourceW":59,"sourceH":71},
"m_121005_F_L2_png":{"x":311,"y":759,"w":43,"h":50,"offX":16,"offY":0,"sourceW":85,"sourceH":81},
"m_121005_F_R1_png":{"x":2,"y":834,"w":48,"h":66,"offX":6,"offY":5,"sourceW":59,"sourceH":71},
"m_121005_F_R2_png":{"x":430,"y":730,"w":42,"h":52,"offX":28,"offY":1,"sourceW":85,"sourceH":81},
"m_121005_F_S_png":{"x":873,"y":251,"w":87,"h":128,"offX":11,"offY":13,"sourceW":110,"sourceH":161},
"m_131005_F_ASS_png":{"x":902,"y":651,"w":83,"h":56,"offX":13,"offY":20,"sourceW":110,"sourceH":100},
"m_131005_F_L1_png":{"x":968,"y":2,"w":48,"h":98,"offX":0,"offY":7,"sourceW":55,"sourceH":105},
"m_131005_F_L2_png":{"x":957,"y":824,"w":50,"h":53,"offX":0,"offY":0,"sourceW":55,"sourceH":83},
"m_131005_F_R1_png":{"x":964,"y":251,"w":41,"h":89,"offX":14,"offY":13,"sourceW":55,"sourceH":105},
"m_131005_F_R2_png":{"x":384,"y":730,"w":42,"h":55,"offX":13,"offY":0,"sourceW":55,"sourceH":83},
"m_116011_png":{"x":278,"y":909,"w":48,"h":31,"offX":26,"offY":35,"sourceW":100,"sourceH":100},
"m_121011_png":{"x":793,"y":678,"w":62,"h":64,"offX":19,"offY":18,"sourceW":100,"sourceH":100},
"m_131011_png":{"x":262,"y":945,"w":44,"h":57,"offX":28,"offY":22,"sourceW":100,"sourceH":100},
"m_106011_F_F_png":{"x":428,"y":315,"w":218,"h":215,"offX":52,"offY":27,"sourceW":311,"sourceH":378},
"m_116011_F_L_png":{"x":176,"y":893,"w":49,"h":40,"offX":2,"offY":20,"sourceW":58,"sourceH":66},
"m_116011_F_R_png":{"x":2,"y":980,"w":49,"h":40,"offX":3,"offY":22,"sourceW":58,"sourceH":66},
"m_121011_F_L1_png":{"x":448,"y":945,"w":37,"h":65,"offX":4,"offY":3,"sourceW":59,"sourceH":71},
"m_121011_F_L2_png":{"x":358,"y":807,"w":39,"h":52,"offX":17,"offY":8,"sourceW":85,"sourceH":81},
"m_121011_F_R1_png":{"x":358,"y":945,"w":38,"h":65,"offX":16,"offY":5,"sourceW":59,"sourceH":71},
"m_121011_F_R2_png":{"x":311,"y":813,"w":40,"h":48,"offX":27,"offY":5,"sourceW":85,"sourceH":81},
"m_121011_F_S_png":{"x":226,"y":685,"w":81,"h":132,"offX":14,"offY":5,"sourceW":110,"sourceH":161},
"m_131011_F_ASS_png":{"x":902,"y":591,"w":85,"h":56,"offX":10,"offY":20,"sourceW":110,"sourceH":100},
"m_131011_F_L1_png":{"x":979,"y":344,"w":41,"h":79,"offX":0,"offY":11,"sourceW":55,"sourceH":105},
"m_131011_F_L2_png":{"x":859,"y":678,"w":34,"h":25,"offX":7,"offY":0,"sourceW":55,"sourceH":83},
"m_131011_F_R1_png":{"x":176,"y":945,"w":34,"h":75,"offX":15,"offY":15,"sourceW":55,"sourceH":105},
"m_131011_F_R2_png":{"x":614,"y":850,"w":33,"h":32,"offX":17,"offY":0,"sourceW":55,"sourceH":83},
"m_116012_png":{"x":522,"y":791,"w":49,"h":33,"offX":26,"offY":34,"sourceW":100,"sourceH":100},
"m_122012_png":{"x":974,"y":191,"w":48,"h":56,"offX":26,"offY":22,"sourceW":100,"sourceH":100},
"m_132012_png":{"x":91,"y":915,"w":43,"h":59,"offX":29,"offY":21,"sourceW":100,"sourceH":100},
"m_106012_F_F_png":{"x":2,"y":325,"w":246,"h":195,"offX":36,"offY":28,"sourceW":311,"sourceH":378},
"m_116012_F_L_png":{"x":224,"y":821,"w":45,"h":42,"offX":6,"offY":18,"sourceW":58,"sourceH":66},
"m_116012_F_R_png":{"x":229,"y":867,"w":45,"h":42,"offX":7,"offY":19,"sourceW":58,"sourceH":66},
"m_122012_F_L1_png":{"x":55,"y":980,"w":31,"h":42,"offX":1,"offY":4,"sourceW":59,"sourceH":71},
"m_122012_F_R1_png":{"x":526,"y":862,"w":34,"h":39,"offX":24,"offY":1,"sourceW":59,"sourceH":71},
"m_122012_F_S_png":{"x":91,"y":723,"w":86,"h":103,"offX":9,"offY":19,"sourceW":110,"sourceH":161},
"m_132012_F_ASS_png":{"x":689,"y":703,"w":80,"h":36,"offX":13,"offY":44,"sourceW":110,"sourceH":100},
"m_132012_F_L1_png":{"x":91,"y":830,"w":39,"h":81,"offX":1,"offY":17,"sourceW":55,"sourceH":105},
"m_132012_F_L2_png":{"x":138,"y":907,"w":34,"h":51,"offX":5,"offY":0,"sourceW":55,"sourceH":83},
"m_132012_F_R1_png":{"x":50,"y":904,"w":37,"h":72,"offX":17,"offY":20,"sourceW":55,"sourceH":105},
"m_132012_F_R2_png":{"x":991,"y":591,"w":28,"h":45,"offX":21,"offY":0,"sourceW":55,"sourceH":83},
"fanhui_png":{"x":873,"y":383,"w":102,"h":93,"offX":0,"offY":0,"sourceW":102,"sourceH":93},
"fuzhuangge_png":{"x":690,"y":2,"w":176,"h":316,"offX":0,"offY":0,"sourceW":176,"sourceH":316},
"gouwu_png":{"x":397,"y":632,"w":224,"h":94,"offX":0,"offY":0,"sourceW":224,"sourceH":94},
"kuzi_png":{"x":91,"y":978,"w":57,"h":42,"offX":0,"offY":0,"sourceW":57,"sourceH":42},
"shangyi_png":{"x":859,"y":711,"w":67,"h":59,"offX":0,"offY":0,"sourceW":67,"sourceH":59},
"shuzidiban_png":{"x":813,"y":496,"w":185,"h":91,"offX":0,"offY":0,"sourceW":185,"sourceH":91},
"taozhuang_png":{"x":930,"y":711,"w":69,"h":57,"offX":0,"offY":0,"sourceW":69,"sourceH":57},
"toufa_2_png":{"x":311,"y":685,"w":69,"h":70,"offX":0,"offY":0,"sourceW":69,"sourceH":70},
"tubiaoxuanzhong_png":{"x":813,"y":591,"w":85,"h":83,"offX":0,"offY":0,"sourceW":85,"sourceH":83},
"wupinge_png":{"x":226,"y":524,"w":167,"h":157,"offX":0,"offY":0,"sourceW":167,"sourceH":157},
"xiezi_png":{"x":625,"y":649,"w":80,"h":50,"offX":0,"offY":0,"sourceW":80,"sourceH":50},
"xitongtubiaodiban_png":{"x":2,"y":2,"w":684,"h":109,"offX":0,"offY":0,"sourceW":684,"sourceH":109},
"xuanzhong_png":{"x":650,"y":496,"w":159,"h":149,"offX":0,"offY":0,"sourceW":159,"sourceH":149},
"xuanzhong2_png":{"x":259,"y":115,"w":165,"h":304,"offX":0,"offY":0,"sourceW":165,"sourceH":304},
"zuanshi_png":{"x":476,"y":791,"w":42,"h":39,"offX":0,"offY":0,"sourceW":42,"sourceH":39},
"gouwu_0_png":{"x":397,"y":534,"w":224,"h":94,"offX":0,"offY":0,"sourceW":224,"sourceH":94},
"fanhui_0_png":{"x":252,"y":423,"w":102,"h":93,"offX":0,"offY":0,"sourceW":102,"sourceH":93}}}