{"SubTexture":[{"frameX":-15,"y":1,"frameY":-1,"height":64,"frameWidth":59,"frameHeight":71,"width":40,"name":"manB_sc/Bgebo1","x":484},{"frameX":-14,"y":401,"frameY":-1,"height":76,"frameWidth":85,"frameHeight":81,"width":52,"name":"manB_sc/Bshoubi1","x":334},{"frameX":-15,"y":69,"frameY":0,"height":66,"frameWidth":59,"frameHeight":71,"width":44,"name":"manB_sc/Bxiuzi11","x":327},{"frameX":-15,"y":1,"frameY":-2,"height":69,"frameWidth":85,"frameHeight":81,"width":50,"name":"manB_sc/Bxiuzi21","x":275},{"frameX":-18,"y":144,"frameY":-19,"height":70,"frameWidth":55,"frameHeight":105,"width":29,"name":"manB_sc/Bdatui2","x":502},{"frameX":-20,"y":1,"frameY":-7,"height":61,"frameWidth":55,"frameHeight":83,"width":31,"name":"manB_sc/Bxiaotui2","x":601},{"frameX":-8,"y":451,"frameY":-29,"height":26,"frameWidth":58,"frameHeight":66,"width":38,"name":"manB_sc/Bxiezi2","x":239},{"frameX":-16,"y":1,"frameY":-16,"height":87,"frameWidth":55,"frameHeight":105,"width":33,"name":"manB_sc/Bkuzi21","x":408},{"frameX":-18,"y":451,"frameY":-6,"height":60,"frameWidth":55,"frameHeight":83,"width":31,"name":"manB_sc/Bkuzi11","x":206},{"frameX":-11,"y":132,"frameY":-24,"height":70,"frameWidth":55,"frameHeight":105,"width":29,"name":"manB_sc/Bdatui1","x":542},{"frameX":-13,"y":1,"frameY":-8,"height":61,"frameWidth":55,"frameHeight":83,"width":31,"name":"manB_sc/Bxiaotui1","x":568},{"frameX":-8,"y":451,"frameY":-28,"height":26,"frameWidth":58,"frameHeight":66,"width":38,"name":"manB_sc/Bxiezi1","x":279},{"frameX":-8,"y":90,"frameY":-18,"height":87,"frameWidth":55,"frameHeight":105,"width":33,"name":"manB_sc/Bkuzi22","x":396},{"frameX":-10,"y":451,"frameY":-6,"height":60,"frameWidth":55,"frameHeight":83,"width":31,"name":"manB_sc/Bkuzi12","x":173},{"frameX":-14,"y":365,"frameY":-5,"height":134,"frameWidth":110,"frameHeight":161,"width":79,"name":"manB_sc/Bshenti","x":592},{"frameX":-9,"y":419,"frameY":-23,"height":57,"frameWidth":110,"frameHeight":100,"width":84,"name":"manB_sc/Bkuzi","x":1},{"frameX":-7,"y":400,"frameY":-19,"height":105,"frameWidth":110,"frameHeight":161,"width":87,"name":"manB_sc/Byifu","x":410},{"frameX":-1,"y":141,"frameY":-4,"height":64,"frameWidth":59,"frameHeight":71,"width":38,"name":"manB_sc/Bgebo2","x":462},{"frameX":-18,"y":1,"frameY":-3,"height":74,"frameWidth":85,"frameHeight":81,"width":48,"name":"manB_sc/Bshoubi2","x":673},{"frameX":-1,"y":71,"frameY":-3,"height":68,"frameWidth":59,"frameHeight":71,"width":39,"name":"manB_sc/Bxiuzi12","x":462},{"frameX":-16,"y":155,"frameY":-3,"height":67,"frameWidth":85,"frameHeight":81,"width":45,"name":"manB_sc/Bxiuzi22","x":227},{"frameX":-82,"y":229,"frameY":-83,"height":169,"frameWidth":311,"frameHeight":378,"width":180,"name":"manB_sc/Btou","x":410},{"frameX":-55,"y":1,"frameY":-21,"height":226,"frameWidth":311,"frameHeight":378,"width":224,"name":"manB_sc/Btoufa","x":1},{"frameX":-15,"y":1,"frameY":0,"height":63,"frameWidth":59,"frameHeight":71,"width":40,"name":"manA_sc/Agebo2","x":526},{"frameX":-1,"y":1,"frameY":0,"height":75,"frameWidth":47,"frameHeight":76,"width":46,"name":"manA_sc/Ashoubi2","x":227},{"frameX":-15,"y":1,"frameY":0,"height":66,"frameWidth":59,"frameHeight":71,"width":44,"name":"manA_sc/Axiuzi12","x":327},{"frameX":-15,"y":72,"frameY":-2,"height":69,"frameWidth":85,"frameHeight":81,"width":50,"name":"manA_sc/Axiuzi22","x":275},{"frameX":-19,"y":66,"frameY":-5,"height":86,"frameWidth":55,"frameHeight":105,"width":28,"name":"manA_sc/Adatui1","x":582},{"frameX":-10,"y":71,"frameY":-1,"height":71,"frameWidth":55,"frameHeight":83,"width":37,"name":"manA_sc/Axiaotui1","x":503},{"frameX":-4,"y":183,"frameY":-26,"height":31,"frameWidth":58,"frameHeight":66,"width":46,"name":"manA_sc/Axiezi1","x":396},{"frameX":-18,"y":1,"frameY":-6,"height":60,"frameWidth":55,"frameHeight":83,"width":31,"name":"manA_sc/Akuzi11","x":634},{"frameX":-16,"y":1,"frameY":-16,"height":87,"frameWidth":55,"frameHeight":105,"width":33,"name":"manA_sc/Akuzi21","x":373},{"frameX":-9,"y":90,"frameY":-14,"height":91,"frameWidth":55,"frameHeight":105,"width":29,"name":"manA_sc/Adatui2","x":431},{"frameX":0,"y":143,"frameY":0,"height":77,"frameWidth":55,"frameHeight":83,"width":38,"name":"manA_sc/Axiaotui2","x":321},{"frameX":-5,"y":479,"frameY":-26,"height":31,"frameWidth":58,"frameHeight":66,"width":46,"name":"manA_sc/Axiezi2","x":239},{"frameX":-8,"y":63,"frameY":-6,"height":60,"frameWidth":55,"frameHeight":83,"width":31,"name":"manA_sc/Akuzi12","x":634},{"frameX":-6,"y":137,"frameY":-18,"height":87,"frameWidth":55,"frameHeight":105,"width":33,"name":"manA_sc/Akuzi22","x":361},{"frameX":-14,"y":229,"frameY":-5,"height":134,"frameWidth":110,"frameHeight":161,"width":79,"name":"manA_sc/Ashenti","x":592},{"frameX":-9,"y":419,"frameY":-23,"height":57,"frameWidth":110,"frameHeight":100,"width":84,"name":"manA_sc/Akuzi","x":87},{"frameX":-7,"y":400,"frameY":-19,"height":106,"frameWidth":110,"frameHeight":161,"width":86,"name":"manA_sc/Ayifu1","x":499},{"frameX":-1,"y":66,"frameY":-4,"height":64,"frameWidth":59,"frameHeight":71,"width":38,"name":"manA_sc/Agebo1","x":542},{"frameX":-19,"y":78,"frameY":-4,"height":75,"frameWidth":85,"frameHeight":81,"width":42,"name":"manA_sc/Ashoubi1","x":227},{"frameX":0,"y":1,"frameY":-3,"height":68,"frameWidth":59,"frameHeight":71,"width":39,"name":"manA_sc/Axiuzi11","x":443},{"frameX":-16,"y":143,"frameY":-3,"height":67,"frameWidth":85,"frameHeight":81,"width":45,"name":"manA_sc/Axiuzi21","x":274},{"frameX":-59,"y":229,"frameY":-76,"height":188,"frameWidth":311,"frameHeight":378,"width":194,"name":"manA_sc/Atou","x":1},{"frameX":-6,"y":401,"frameY":-5,"height":48,"frameWidth":150,"frameHeight":60,"width":135,"name":"manA_sc/yanjing","x":197},{"frameX":-45,"y":229,"frameY":-30,"height":170,"frameWidth":311,"frameHeight":378,"width":211,"name":"manA_sc/Atoufa","x":197}],"name":"man","imagePath":"texture.png"}