{
"file": "Sprites.png"
,
"frames": {
	"0020001": {"x":300, "y":100, "w":60, "h":99, "offX":22,"offY":34,"sourceW":100,"sourceH":150},
	"0020002": {"x":300, "y":0, "w":60, "h":99, "offX":22,"offY":34,"sourceW":100,"sourceH":150},
	"0020003": {"x":361, "y":88, "w":59, "h":88, "offX":21,"offY":45,"sourceW":100,"sourceH":150},
	"0020004": {"x":231, "y":0, "w":68, "h":79, "offX":18,"offY":54,"sourceW":100,"sourceH":150},
	"0020005": {"x":232, "y":174, "w":66, "h":80, "offX":19,"offY":54,"sourceW":100,"sourceH":150},
	"0020006": {"x":230, "y":94, "w":69, "h":79, "offX":19,"offY":54,"sourceW":100,"sourceH":150},
	"0020007": {"x":361, "y":0, "w":59, "h":87, "offX":24,"offY":46,"sourceW":100,"sourceH":150},
	"0020008": {"x":80, "y":79, "w":76, "h":66, "offX":13,"offY":68,"sourceW":100,"sourceH":150},
	"0020009": {"x":0, "y":0, "w":80, "h":42, "offX":16,"offY":92,"sourceW":100,"sourceH":150},
	"0020010": {"x":0, "y":185, "w":79, "h":43, "offX":13,"offY":90,"sourceW":100,"sourceH":150},
	"0020011": {"x":0, "y":229, "w":79, "h":82, "offX":6,"offY":54,"sourceW":100,"sourceH":150},
	"0020012": {"x":79, "y":312, "w":78, "h":82, "offX":17,"offY":54,"sourceW":100,"sourceH":150},
	"0020013": {"x":80, "y":146, "w":75, "h":74, "offX":19,"offY":59,"sourceW":100,"sourceH":150},
	"0020014": {"x":80, "y":221, "w":75, "h":74, "offX":9,"offY":59,"sourceW":100,"sourceH":150},
	"0020015": {"x":156, "y":146, "w":73, "h":93, "offX":15,"offY":40,"sourceW":100,"sourceH":150},
	"0020016": {"x":157, "y":0, "w":73, "h":93, "offX":16,"offY":40,"sourceW":100,"sourceH":150},
	"0020017": {"x":0, "y":312, "w":78, "h":107, "offX":13,"offY":26,"sourceW":100,"sourceH":150},
	"0020018": {"x":158, "y":240, "w":73, "h":107, "offX":15,"offY":26,"sourceW":100,"sourceH":150},
	"0020019": {"x":232, "y":255, "w":64, "h":103, "offX":27,"offY":31,"sourceW":100,"sourceH":150},
	"0020020": {"x":297, "y":255, "w":64, "h":104, "offX":13,"offY":30,"sourceW":100,"sourceH":150},
	"xue0001": {"x":79, "y":411, "w":72, "h":7, "offX":14,"offY":14,"sourceW":100,"sourceH":100},
	"xue0002": {"x":79, "y":395, "w":76, "h":15, "offX":12,"offY":14,"sourceW":100,"sourceH":100},
	"xue0003": {"x":80, "y":43, "w":76, "h":35, "offX":11,"offY":15,"sourceW":100,"sourceH":100},
	"xue0004": {"x":0, "y":122, "w":79, "h":62, "offX":8,"offY":15,"sourceW":100,"sourceH":100},
	"xue0005": {"x":0, "y":43, "w":79, "h":78, "offX":7,"offY":15,"sourceW":100,"sourceH":100}

}}