{"file":"timerNum.png","frames":{
"timer_gang":{"x":0,"y":0,"w":6,"h":8,"offX":3,"offY":4,"sourceW":11,"sourceH":15},
"timer_0":{"x":0,"y":8,"w":10,"h":15,"offX":1,"offY":0,"sourceW":11,"sourceH":15},
"timer_1":{"x":0,"y":23,"w":7,"h":15,"offX":2,"offY":0,"sourceW":11,"sourceH":15},
"timer_2":{"x":0,"y":38,"w":9,"h":15,"offX":1,"offY":0,"sourceW":11,"sourceH":15},
"timer_3":{"x":7,"y":23,"w":10,"h":15,"offX":1,"offY":0,"sourceW":11,"sourceH":15},
"timer_4":{"x":10,"y":0,"w":11,"h":15,"offX":0,"offY":0,"sourceW":11,"sourceH":15},
"timer_5":{"x":0,"y":53,"w":11,"h":15,"offX":0,"offY":0,"sourceW":11,"sourceH":15},
"timer_6":{"x":9,"y":38,"w":10,"h":15,"offX":1,"offY":0,"sourceW":11,"sourceH":15},
"timer_7":{"x":17,"y":15,"w":10,"h":14,"offX":1,"offY":1,"sourceW":11,"sourceH":15},
"timer_8":{"x":21,"y":0,"w":11,"h":14,"offX":0,"offY":1,"sourceW":11,"sourceH":15},
"timer_9":{"x":0,"y":68,"w":10,"h":15,"offX":1,"offY":0,"sourceW":11,"sourceH":15}}}