{"comp":{},"mc":{"mc_mc2btn2Eff":{"objCount":{"img_guangka002-sc/xrx1003":["img",1],"img_guangka002-sc/xrx1006":["img",1],"img_guangka002-sc/xrx1002":["img",1],"img_guangka002-sc/texiao007":["img",1],"img_guangka002-sc/xrx10010":["img",1],"img_guangka002-sc/xrx1009":["img",1],"img_guangka002-sc/xrx1007":["img",1],"img_guangka002-sc/xrx1005":["img",1],"img_guangka002-sc/xrx1001":["img",1]},"loop":false,"labels":[["1",0,7]],"frames":[[["img_guangka002-sc/xrx1001","img",1.8,6.35,1,1,0,180,1,"",0]],[["img_guangka002-sc/xrx1002","img",2.4,-6.05,1,1,0,180,1,"",0]],[["img_guangka002-sc/xrx1003","img",3.65,0.15,1,1,0,180,1,"",0]],[["img_guangka002-sc/xrx1005","img",2.85,3.45,1,1,0,180,1,"",0],["img_guangka002-sc/texiao007","img",1.8,-28.4,0.4104461669921875,0.4104461669921875,0,180,1,"",0]],[["img_guangka002-sc/xrx1006","img",2.65,3.4,1,1,0,180,1,"",0],["img_guangka002-sc/texiao007","img",1.75,-28.4,0.7886505126953125,0.7886505126953125,0,180,1,"",0]],[["img_guangka002-sc/xrx1007","img",1.35,0.2,1,1,0,180,1,"",0],["img_guangka002-sc/texiao007","img",1.8,-28.4,0.8536376953125,0.8536376953125,0,180,0.5,"",0]],[["img_guangka002-sc/xrx1009","img",1.85,-7.5,1,1,0,180,1,"",0],["img_guangka002-sc/texiao007","img",1.75,-28.4,0.918609619140625,0.918609619140625,0,180,0,"",0]],[["img_guangka002-sc/xrx10010","img",2.2,0.65,1,1,0,180,1,"",0]]],"frameEvents":{}},"mc_mc2btn2M":{"objCount":{"img_guangka002-sc/xiaorenkuangguang001":["img",1],"img_guangka002-sc/xiaorenkuangguang002":["img",1]},"loop":true,"labels":[["1",0,19]],"frames":[[["img_guangka002-sc/xiaorenkuangguang001","img",0.5,2,1,1,0,0,1,"",0]],[["img_guangka002-sc/xiaorenkuangguang001","img",0.5,2,1,1,0,0,1,"",0]],[["img_guangka002-sc/xiaorenkuangguang001","img",0.5,2,1,1,0,0,1,"",0]],[["img_guangka002-sc/xiaorenkuangguang001","img",0.5,2,1,1,0,0,1,"",0]],[["img_guangka002-sc/xiaorenkuangguang001","img",0.5,2,1,1,0,0,1,"",0]],[["img_guangka002-sc/xiaorenkuangguang001","img",0.5,2,1,1,0,0,1,"",0]],[["img_guangka002-sc/xiaorenkuangguang001","img",0.5,2,1,1,0,0,1,"",0]],[["img_guangka002-sc/xiaorenkuangguang001","img",0.5,2,1,1,0,0,1,"",0]],[["img_guangka002-sc/xiaorenkuangguang001","img",0.5,2,1,1,0,0,1,"",0]],[["img_guangka002-sc/xiaorenkuangguang001","img",0.5,2,1,1,0,0,1,"",0]],[["img_guangka002-sc/xiaorenkuangguang002","img",0,0,1,1,0,0,1,"",0]],[["img_guangka002-sc/xiaorenkuangguang002","img",0,0,1,1,0,0,1,"",0]],[["img_guangka002-sc/xiaorenkuangguang002","img",0,0,1,1,0,0,1,"",0]],[["img_guangka002-sc/xiaorenkuangguang002","img",0,0,1,1,0,0,1,"",0]],[["img_guangka002-sc/xiaorenkuangguang002","img",0,0,1,1,0,0,1,"",0]],[["img_guangka002-sc/xiaorenkuangguang002","img",0,0,1,1,0,0,1,"",0]],[["img_guangka002-sc/xiaorenkuangguang002","img",0,0,1,1,0,0,1,"",0]],[["img_guangka002-sc/xiaorenkuangguang002","img",0,0,1,1,0,0,1,"",0]],[["img_guangka002-sc/xiaorenkuangguang002","img",0,0,1,1,0,0,1,"",0]],[["img_guangka002-sc/xiaorenkuangguang002","img",0,0,1,1,0,0,1,"",0]]],"frameEvents":{}},"mc_mc2btn1M":{"objCount":{"img_guangka002-sc/xingkuangguang001":["img",1],"img_guangka002-sc/xingkuangguang002":["img",1]},"loop":true,"labels":[["1",0,19]],"frames":[[["img_guangka002-sc/xingkuangguang001","img",4.45,-1.3,1,1,0,0,1,"",0]],[["img_guangka002-sc/xingkuangguang001","img",4.45,-1.3,1,1,0,0,1,"",0]],[["img_guangka002-sc/xingkuangguang001","img",4.45,-1.3,1,1,0,0,1,"",0]],[["img_guangka002-sc/xingkuangguang001","img",4.45,-1.3,1,1,0,0,1,"",0]],[["img_guangka002-sc/xingkuangguang001","img",4.45,-1.3,1,1,0,0,1,"",0]],[["img_guangka002-sc/xingkuangguang001","img",4.45,-1.3,1,1,0,0,1,"",0]],[["img_guangka002-sc/xingkuangguang001","img",4.45,-1.3,1,1,0,0,1,"",0]],[["img_guangka002-sc/xingkuangguang001","img",4.45,-1.3,1,1,0,0,1,"",0]],[["img_guangka002-sc/xingkuangguang001","img",4.45,-1.3,1,1,0,0,1,"",0]],[["img_guangka002-sc/xingkuangguang001","img",4.45,-1.3,1,1,0,0,1,"",0]],[["img_guangka002-sc/xingkuangguang002","img",1.95,-0.3,1,1,0,0,1,"",0]],[["img_guangka002-sc/xingkuangguang002","img",1.95,-0.3,1,1,0,0,1,"",0]],[["img_guangka002-sc/xingkuangguang002","img",1.95,-0.3,1,1,0,0,1,"",0]],[["img_guangka002-sc/xingkuangguang002","img",1.95,-0.3,1,1,0,0,1,"",0]],[["img_guangka002-sc/xingkuangguang002","img",1.95,-0.3,1,1,0,0,1,"",0]],[["img_guangka002-sc/xingkuangguang002","img",1.95,-0.3,1,1,0,0,1,"",0]],[["img_guangka002-sc/xingkuangguang002","img",1.95,-0.3,1,1,0,0,1,"",0]],[["img_guangka002-sc/xingkuangguang002","img",1.95,-0.3,1,1,0,0,1,"",0]],[["img_guangka002-sc/xingkuangguang002","img",1.95,-0.3,1,1,0,0,1,"",0]],[["img_guangka002-sc/xingkuangguang002","img",1.95,-0.3,1,1,0,0,1,"",0]]],"frameEvents":{}},"mc_mc2btn3M":{"objCount":{"img_guangka002-sc/xinkuangguang002":["img",1],"img_guangka002-sc/xinkuangguang001":["img",1]},"loop":true,"labels":[["1",0,19]],"frames":[[["img_guangka002-sc/xinkuangguang001","img",-3.1,-6.1,1,1,0,0,1,"",0]],[["img_guangka002-sc/xinkuangguang001","img",-3.1,-6.1,1,1,0,0,1,"",0]],[["img_guangka002-sc/xinkuangguang001","img",-3.1,-6.1,1,1,0,0,1,"",0]],[["img_guangka002-sc/xinkuangguang001","img",-3.1,-6.1,1,1,0,0,1,"",0]],[["img_guangka002-sc/xinkuangguang001","img",-3.1,-6.1,1,1,0,0,1,"",0]],[["img_guangka002-sc/xinkuangguang001","img",-3.1,-6.1,1,1,0,0,1,"",0]],[["img_guangka002-sc/xinkuangguang001","img",-3.1,-6.1,1,1,0,0,1,"",0]],[["img_guangka002-sc/xinkuangguang001","img",-3.1,-6.1,1,1,0,0,1,"",0]],[["img_guangka002-sc/xinkuangguang001","img",-3.1,-6.1,1,1,0,0,1,"",0]],[["img_guangka002-sc/xinkuangguang001","img",-3.1,-6.1,1,1,0,0,1,"",0]],[["img_guangka002-sc/xinkuangguang002","img",-2.55,-6.85,1,1,0,0,1,"",0]],[["img_guangka002-sc/xinkuangguang002","img",-2.55,-6.85,1,1,0,0,1,"",0]],[["img_guangka002-sc/xinkuangguang002","img",-2.55,-6.85,1,1,0,0,1,"",0]],[["img_guangka002-sc/xinkuangguang002","img",-2.55,-6.85,1,1,0,0,1,"",0]],[["img_guangka002-sc/xinkuangguang002","img",-2.55,-6.85,1,1,0,0,1,"",0]],[["img_guangka002-sc/xinkuangguang002","img",-2.55,-6.85,1,1,0,0,1,"",0]],[["img_guangka002-sc/xinkuangguang002","img",-2.55,-6.85,1,1,0,0,1,"",0]],[["img_guangka002-sc/xinkuangguang002","img",-2.55,-6.85,1,1,0,0,1,"",0]],[["img_guangka002-sc/xinkuangguang002","img",-2.55,-6.85,1,1,0,0,1,"",0]],[["img_guangka002-sc/xinkuangguang002","img",-2.55,-6.85,1,1,0,0,1,"",0]]],"frameEvents":{}},"mc_mc2btn3Eff":{"objCount":{"img_guangka002-sc/txx1009":["img",1],"img_guangka002-sc/txx1008":["img",1],"img_guangka002-sc/texiao007":["img",1],"img_guangka002-sc/txx1005":["img",1],"img_guangka002-sc/txx1006":["img",1],"img_guangka002-sc/txx1001":["img",1],"img_guangka002-sc/txx1002":["img",1],"img_guangka002-sc/txx10010":["img",1],"img_guangka002-sc/txx1003":["img",1]},"loop":false,"labels":[["1",0,7]],"frames":[[["img_guangka002-sc/txx1001","img",-4.55,1.9,1,1,0,0,1,"",0]],[["img_guangka002-sc/txx1002","img",-1.45,-9,1,1,0,0,1,"",0]],[["img_guangka002-sc/txx1003","img",-7.2,-5.6,1,1,0,0,1,"",0]],[["img_guangka002-sc/txx1005","img",-7,-2.15,1,1,0,0,1,"",0],["img_guangka002-sc/texiao007","img",-1.6,-19.3,0.4104461669921875,0.4104461669921875,0,0,1,"",0]],[["img_guangka002-sc/txx1006","img",-6.25,-6.15,1,1,0,0,1,"",0],["img_guangka002-sc/texiao007","img",-1.6,-19.3,0.59954833984375,0.59954833984375,0,0,1,"",0]],[["img_guangka002-sc/txx1008","img",-6,-15.6,1,1,0,0,1,"",0],["img_guangka002-sc/texiao007","img",-1.55,-19.3,0.7886505126953125,0.7886505126953125,0,0,1,"",0]],[["img_guangka002-sc/txx1009","img",-4,-19.15,1,1,0,0,1,"",0],["img_guangka002-sc/texiao007","img",-1.55,-19.35,0.8536376953125,0.8536376953125,0,0,0.5,"",0]],[["img_guangka002-sc/txx10010","img",-6.75,-5.95,1,1,0,0,1,"",0],["img_guangka002-sc/texiao007","img",-1.55,-19.3,0.918609619140625,0.918609619140625,0,0,0,"",0]]],"frameEvents":{}},"mc_mc2btn1Eff":{"objCount":{"img_guangka002-sc/xxx1007":["img",1],"img_guangka002-sc/xxx1005":["img",1],"img_guangka002-sc/xxx1009":["img",1],"img_guangka002-sc/xxx1001":["img",1],"img_guangka002-sc/xxx1008":["img",1],"img_guangka002-sc/xxx1006":["img",1],"img_guangka002-sc/xxx1004":["img",1],"img_guangka002-sc/texiao007":["img",1],"img_guangka002-sc/xxx1002":["img",1]},"loop":false,"labels":[["1",0,7]],"frames":[[["img_guangka002-sc/xxx1001","img",1.2,-1.1,1,1,0,0,1,"",0]],[["img_guangka002-sc/xxx1002","img",-0.95,-20.4,1,1,0,0,1,"",0]],[["img_guangka002-sc/xxx1004","img",0,-8.3,1,1,0,0,1,"",0]],[["img_guangka002-sc/xxx1005","img",-0.3,-7.1,1,1,0,0,1,"",0],["img_guangka002-sc/texiao007","img",-3.2,-23.4,0.4104461669921875,0.4104461669921875,0,0,1,"",0]],[["img_guangka002-sc/xxx1006","img",11,-7,1,1,0,0,1,"",0],["img_guangka002-sc/texiao007","img",-3.15,-23.45,0.59954833984375,0.59954833984375,0,0,1,"",0]],[["img_guangka002-sc/xxx1007","img",0.1,-22.6,1,1,0,0,1,"",0],["img_guangka002-sc/texiao007","img",-3.15,-23.4,0.7886505126953125,0.7886505126953125,0,0,1,"",0]],[["img_guangka002-sc/xxx1008","img",-11,-19,1,1,0,0,1,"",0],["img_guangka002-sc/texiao007","img",-3.15,-23.45,0.8536376953125,0.8536376953125,0,0,0.5,"",0]],[["img_guangka002-sc/xxx1009","img",0.2,0.9,1,1,0,0,1,"",0],["img_guangka002-sc/texiao007","img",-3.15,-23.4,0.918609619140625,0.918609619140625,0,0,0,"",0]]],"frameEvents":{}}},"particle":{},"btn":{},"s9":{},"spr":{},"shapeImg":{},"img":{"img_guangka002-sc/xrx10010":[60,54.25],"img_guangka002-sc/txx1004":[54.25,52],"img_guangka002-sc/xxx1001":[60.5,55],"img_guangka002-sc/xxx1008":[48.45,72.45],"img_guangka002-sc/txx1006":[54.85,52.5],"img_guangka002-sc/xxx1009":[62.05,57.45],"img_guangka002-sc/xxx1002":[60.75,77.3],"img_guangka002-sc/xrx1003":[60.75,62],"img_guangka002-sc/xrx1002":[60.75,68.45],"img_guangka002-sc/xxx1003":[62.75,74.5],"img_guangka002-sc/xrx1004":[59.25,58.55],"img_guangka002-sc/txx1005":[53.6,52.5],"img_guangka002-sc/txx1001":[53.5,45.45],"img_guangka002-sc/xxx1004":[61.85,79.4],"img_guangka002-sc/txx1002":[59.35,58.7],"img_guangka002-sc/xiaorenkuangguang002":[64.85,63.8],"img_guangka002-sc/xingkuangguang001":[62.5,63.4],"img_guangka002-sc/txx1008":[56.05,51.7],"img_guangka002-sc/xxx1005":[61.5,64.05],"img_guangka002-sc/xingkuangguang002":[66,66.15],"img_guangka002-sc/txx1009":[57.5,59],"img_guangka002-sc/xingxing1":[60.5,55],"img_guangka002-sc/xxx1006":[78.15,63.75],"img_guangka002-sc/txx1007":[54.25,53.6],"img_guangka002-sc/xrx1005":[59.85,58],"img_guangka002-sc/xiaorenkuangguang001":[58.05,60.4],"img_guangka002-sc/xinkuangguang001":[54.05,52.7],"img_guangka002-sc/xrx1007":[60.75,57.5],"img_guangka002-sc/xrx1008":[61.3,59],"img_guangka002-sc/xrx1006":[60.25,58.75],"img_guangka002-sc/txx10010":[52.25,43.8],"img_guangka002-sc/xinkuangguang002":[62.25,57.75],"img_guangka002-sc/xrx1009":[60,62.35],"img_guangka002-sc/xxx1007":[60.8,54.15],"img_guangka002-sc/texiao007":[84.55,82.6],"img_guangka002-sc/xrx1001":[59.5,55],"img_guangka002-sc/txx1003":[54.5,54.5]}}