{"file":"guanka002.png","frames":{"img_guangka002-sc/xrx10010":{"y":389,"offY":-2,"h":105,"offX":0,"w":119,"x":363},"img_guangka002-sc/txx1004":{"y":494,"offY":0,"h":103,"offX":-1,"w":107,"x":593},"img_guangka002-sc/xxx1001":{"y":374,"offY":0,"h":110,"offX":0,"w":118,"x":530},"img_guangka002-sc/xxx1008":{"y":0,"offY":-2,"h":143,"offX":0,"w":119,"x":412},"img_guangka002-sc/txx1006":{"y":408,"offY":-1,"h":102,"offX":0,"w":109,"x":895},"img_guangka002-sc/xxx1009":{"y":391,"offY":-2,"h":103,"offX":-7,"w":113,"x":116},"img_guangka002-sc/xxx1002":{"y":0,"offY":0,"h":149,"offX":-1,"w":119,"x":169},"img_guangka002-sc/xrx1003":{"y":151,"offY":-1,"h":121,"offX":-3,"w":118,"x":169},"img_guangka002-sc/xrx1002":{"y":128,"offY":-3,"h":131,"offX":0,"w":120,"x":789},"img_guangka002-sc/xxx1003":{"y":0,"offY":0,"h":146,"offX":0,"w":120,"x":290},"img_guangka002-sc/xrx1004":{"y":267,"offY":0,"h":115,"offX":-1,"w":118,"x":655},"img_guangka002-sc/txx1005":{"y":486,"offY":0,"h":104,"offX":0,"w":107,"x":484},"img_guangka002-sc/txx1001":{"y":0,"offY":0,"h":89,"offX":0,"w":102,"x":919},"img_guangka002-sc/xxx1004":{"y":0,"offY":-2,"h":138,"offX":0,"w":120,"x":667},"img_guangka002-sc/txx1002":{"y":179,"offY":-1,"h":112,"offX":0,"w":109,"x":911},"img_guangka002-sc/xiaorenkuangguang002":{"y":0,"offY":-1,"h":126,"offX":0,"w":128,"x":789},"img_guangka002-sc/xingkuangguang001":{"y":145,"offY":0,"h":125,"offX":-1,"w":119,"x":412},"img_guangka002-sc/txx1008":{"y":405,"offY":0,"h":104,"offX":-1,"w":108,"x":0},"img_guangka002-sc/xxx1005":{"y":163,"offY":-5,"h":122,"offX":0,"w":122,"x":0},"img_guangka002-sc/xingkuangguang002":{"y":0,"offY":-1,"h":128,"offX":0,"w":132,"x":533},"img_guangka002-sc/txx1009":{"y":293,"offY":-3,"h":113,"offX":0,"w":107,"x":907},"img_guangka002-sc/xingxing1":{"y":379,"offY":0,"h":110,"offX":0,"w":118,"x":775},"img_guangka002-sc/xxx1006":{"y":130,"offY":-1,"h":125,"offX":-4,"w":123,"x":533},"img_guangka002-sc/txx1007":{"y":496,"offY":0,"h":101,"offX":0,"w":108,"x":110},"img_guangka002-sc/xrx1005":{"y":257,"offY":0,"h":115,"offX":0,"w":120,"x":533},"img_guangka002-sc/xiaorenkuangguang001":{"y":287,"offY":-3,"h":116,"offX":0,"w":114,"x":0},"img_guangka002-sc/xinkuangguang001":{"y":491,"offY":0,"h":105,"offX":-1,"w":106,"x":771},"img_guangka002-sc/xrx1007":{"y":272,"offY":0,"h":115,"offX":-1,"w":118,"x":410},"img_guangka002-sc/xrx1008":{"y":274,"offY":-2,"h":115,"offX":-4,"w":118,"x":124},"img_guangka002-sc/xrx1006":{"y":275,"offY":0,"h":115,"offX":-2,"w":117,"x":244},"img_guangka002-sc/txx10010":{"y":91,"offY":-2,"h":86,"offX":0,"w":103,"x":919},"img_guangka002-sc/xinkuangguang002":{"y":261,"offY":0,"h":116,"offX":-1,"w":124,"x":781},"img_guangka002-sc/xrx1009":{"y":148,"offY":0,"h":125,"offX":-1,"w":118,"x":290},"img_guangka002-sc/xxx1007":{"y":140,"offY":0,"h":125,"offX":0,"w":121,"x":658},"img_guangka002-sc/texiao007":{"y":0,"offY":-3,"h":161,"offX":-2,"w":167,"x":0},"img_guangka002-sc/xrx1001":{"y":384,"offY":-1,"h":108,"offX":0,"w":119,"x":650},"img_guangka002-sc/txx1003":{"y":392,"offY":0,"h":106,"offX":-1,"w":107,"x":231}}}