{"mc":{"mc_lieren":{"loop":true,"objCount":{"img_lieren-sc/lieren005":["img",1],"img_lieren-sc/lieren001":["img",1],"img_lieren-sc/lieren002":["img",1],"img_lieren-sc/lieren004":["img",1],"img_lieren-sc/lieren003":["img",1]},"labels":[["run",0,7],["die",8,8]],"frames":[[["img_lieren-sc/lieren001","img",3.15,-13,1,1,0,0,1,"",0]],[["img_lieren-sc/lieren001","img",3.15,-13,1,1,0,0,1,"",0]],[["img_lieren-sc/lieren002","img",4.4,-13,1,1,0,0,1,"",0]],[["img_lieren-sc/lieren002","img",4.4,-13,1,1,0,0,1,"",0]],[["img_lieren-sc/lieren003","img",3.15,-13,1,1,0,0,1,"",0]],[["img_lieren-sc/lieren003","img",3.15,-13,1,1,0,0,1,"",0]],[["img_lieren-sc/lieren004","img",4.65,-13,1,1,0,0,1,"",0]],[["img_lieren-sc/lieren004","img",4.65,-13,1,1,0,0,1,"",0]],[["img_lieren-sc/lieren005","img",14.95,-12.95,1,1,0,0,1,"",0]]],"frameEvents":{}}},"comp":{},"particle":{},"shapeImg":{},"img":{"img_lieren-sc/lieren001":[59.55,75.25],"img_lieren-sc/lieren002":[56.9,75.25],"img_lieren-sc/lieren005":[56.9,64.4],"img_lieren-sc/lieren004":[57.75,75.25],"img_lieren-sc/lieren003":[57.9,75.25]},"s9":{},"spr":{},"btn":{}}