{
"resources":
	[
		{"name":"bgImage","type":"image","url":"assets/load_bg.jpg"},
        {"name":"gamingbgImage","type":"image","url":"assets/gaming_bg.jpg"},
		{"name":"helpBtnImage","type":"image","url":"assets/help_btn.png"},
		{"name":"musicBtnImage","type":"image","url":"assets/music_btn.png"},
		{"name":"startBtnImage","type":"image","url":"assets/start_btn.png"},
		{"name":"gameinfoImage","type":"image","url":"assets/gameinfo.jpg"},
		{"name":"startGameBtnImage","type":"image","url":"assets/startGame_btn.png"},
        {"name":"start1GameBtnImage","type":"image","url":"assets/startGame1_btn.png"},
		{"name":"closeGameBtnImage","type":"image","url":"assets/closeGame_btn.png"},
		{"name":"gameinfo_1_Image","type":"image","url":"assets/gameinfo_1.jpg"},
        {"name":"gameinfo_2_Image","type":"image","url":"assets/gameinfo_2.jpg"},
        {"name":"gameinfo_3_Image","type":"image","url":"assets/gameinfo_3.jpg"},
        {"name":"gameinfo_4_Image","type":"image","url":"assets/gameinfo_4.jpg"},
		{"name":"gameOverBgImage","type":"image","url":"assets/gameOverbg.png"},
		{"name":"readyImage","type":"image","url":"assets/ready.png"},
		{"name":"rightImage","type":"image","url":"assets/right.png"},
		{"name":"worngImage","type":"image","url":"assets/worng.png"},
		{"name":"goImage","type":"image","url":"assets/go.png"},
		{"name":"cutTwoImage","type":"image","url":"assets/cutTwo.png"},
		{"name":"gamingbarImage","type":"image","url":"assets/gamingbar.png"},
		{"name":"gamingbarMaskImage","type":"image","url":"assets/gamingbarMask.png"},
		{"name":"gameOver1Image","type":"image","url":"assets/gameOver1.jpg"},
		{"name":"gameOver2Image","type":"image","url":"assets/gameOver2.jpg"},
		{"name":"gameOver3Image","type":"image","url":"assets/gameOver3.jpg"},
		{"name":"gameOver4Image","type":"image","url":"assets/gameOver4.jpg"},
        {"name":"gameScene4ViewBgImage","type":"image","url":"assets/scene4_gameViewbg.png"},
        {"name":"barNum1Image","type":"image","url":"assets/barNum1.png"},
        {"name":"barNum2Image","type":"image","url":"assets/barNum2.png"},
        {"name":"barNum3Image","type":"image","url":"assets/barNum3.png"},
        {"name":"barNum4Image","type":"image","url":"assets/barNum4.png"},
        {"name":"sorcebarImage","type":"image","url":"assets/sorcebar.png"},
        {"name":"game1btn1Image","type":"image","url":"assets/game1btn1.png"},
        {"name":"game1btn2Image","type":"image","url":"assets/game1btn2.png"},
        {"name":"game1btn3Image","type":"image","url":"assets/game1btn3.png"},
        {"name":"weixianImage","type":"image","url":"assets/weixian.png"},
        {"name":"sceneView2Image","type":"image","url":"assets/scene2View.png"},
        {"name":"sceneView3Image","type":"image","url":"assets/scene3View.png"},
        {"name":"optionBgImage","type":"image","url":"assets/option_bg.png"},
        {"name":"option1BgImage","type":"image","url":"assets/optionBgImage.png"},
        {"name":"option5Image","type":"image","url":"assets/option_05.png"},
        {"name":"option6Image","type":"image","url":"assets/option_06.png"},
        {"name":"option7Image","type":"image","url":"assets/option_07.png"},
        {"name":"zhinanImage","type":"image","url":"assets/option_03.png"},
        {"name":"gameWinOverImage","type":"image","url":"assets/game_info_01.png"},
        {"name":"game2btn1_1Image","type":"image","url":"assets/game2btn1_1.png"},
        {"name":"game2btn1_2Image","type":"image","url":"assets/game2btn1_2.png"},
        {"name":"game2btn2_1Image","type":"image","url":"assets/game2btn2_1.png"},
        {"name":"game2btn2_2Image","type":"image","url":"assets/game2btn2_2.png"},
        {"name":"game2btn3_1Image","type":"image","url":"assets/game2btn3_1.png"},
        {"name":"game2btn3_2Image","type":"image","url":"assets/game2btn3_2.png"},
        {"name":"game4Btn1Image","type":"image","url":"assets/game4btn1.png"},
        {"name":"game4Btn2Image","type":"image","url":"assets/game4btn2.png"},
        {"name":"game4Btn3Image","type":"image","url":"assets/game4btn3.png"},
        {"name":"gameWinImage","type":"image","url":"assets/gameWin.jpg"},
        {"name":"alphaBg","type":"image","url":"assets/alpha_bg_h.png"},
        {"name":"gameMaskBar","type":"image","url":"assets/game_ui_lineframe.png"},
        {"name":"gengduo","type":"image","url":"assets/gengduo.png"},
        {"name":"endPopupImage","type":"image","url":"assets/endPopup_frame.png"},
        {"name":"optionbtnImage","type":"image","url":"assets/option_btn_b.png"},
        {"name":"zailaiyiciImage","type":"image","url":"assets/btnzailaiyici.png"},
        {"name":"gengduoyouxiImage","type":"image","url":"assets/btngengduoyouxi.png"},
        {"name":"fenxiangImage","type":"image","url":"assets/btnfenxiang.png"},
        {"name":"shareImage","type":"image","url":"assets/share.png"},
        {"name":"word1Image","type":"image","url":"assets/word-1.png"},
        {"name":"word2Image","type":"image","url":"assets/word-2.png"},
        {"name":"binggan1Image","type":"image","url":"assets/binggan1.png"},
        {"name":"binggan2Image","type":"image","url":"assets/binggan2.png"},

        {"name":"newAssets","type":"sheet","url":"assets/newAssets.json"},

        {"name":"description","type":"json","url":"config/description.json"},

        {"name":"timerNum","type":"sheet","url":"assets/number/timerNum.json"},
        {"name":"sorceNum","type":"sheet","url":"assets/number/sorceNum.json"},
        {"name":"guanka001","type":"starlingswf_sheet","url":"assets/guanka001/guanka001.json"},
        {"name":"guanka001_swf","type":"json","url":"assets/guanka001/guanka001_swf.json"},
		{"name":"guanka002","type":"starlingswf_sheet","url":"assets/guanka002/guanka002.json"},
        {"name":"guanka002_swf","type":"json","url":"assets/guanka002/guanka002_swf.json"},
        {"name":"guanka003","type":"starlingswf_sheet","url":"assets/guanka003/guanka003.json"},
        {"name":"guanka003_swf","type":"json","url":"assets/guanka003/guanka003_swf.json"},
        {"name":"guanka004","type":"starlingswf_sheet","url":"assets/guanka004/guanka004.json"},
        {"name":"guanka004_swf","type":"json","url":"assets/guanka004/guanka004_swf.json"},
        {"name":"nvren","type":"starlingswf_sheet","url":"assets/nvren/nvren.json"},
        {"name":"nvren_swf","type":"json","url":"assets/nvren/nvren_swf.json"},
        {"name":"kuang","type":"starlingswf_sheet","url":"assets/kuang/kuang.json"},
        {"name":"kuang_swf","type":"json","url":"assets/kuang/kuang_swf.json"},

        {"name":"bgSound","type":"sound","soundType":"music","url":"assets/sound/sound_bg.mp3"},
        {"name":"clearSound","type":"sound","soundType":"effect","url":"assets/sound/sound_clear.mp3"},
        {"name":"clickSound","type":"sound","soundType":"effect","url":"assets/sound/sound_click.mp3"},
        {"name":"correctSound","type":"sound","soundType":"effect","url":"assets/sound/sound_correct.mp3"},
        {"name":"endSound","type":"sound","soundType":"effect","url":"assets/sound/sound_end.mp3"},
        {"name":"errorSound","type":"sound","soundType":"effect","url":"assets/sound/sound_error.mp3"},
        {"name":"gameoverSound","type":"sound","soundType":"effect","url":"assets/sound/sound_gameover.mp3"},
        {"name":"readygoSound","type":"sound","soundType":"effect","url":"assets/sound/sound_readygo.mp3"},
        {"name":"semiclearSound","type":"sound","soundType":"effect","url":"assets/sound/sound_semiclear.mp3"},
        {"name":"timewarningSound","type":"sound","soundType":"effect","url":"assets/sound/sound_timewarning.mp3"}
    ],
"groups":
	[
        {"name":"preload","keys":"newAssets,bgImage,gamingbgImage,gengduo,readyImage,option1BgImage,gameMaskBar,optionbtnImage,alphaBg,goImage,egretIcon,startBtnImage,zhinanImage,musicBtnImage,endPopupImage,helpBtnImage,gameinfoImage,startGameBtnImage,start1GameBtnImage,closeGameBtnImage,gameinfo_1_Image,gameinfo_2_Image,gameinfo_3_Image,gameinfo_4_Image,barNum1Image,barNum2Image,barNum3Image,barNum4Image,sorcebarImage,cutTwoImage,gamingbarImage,rightImage,worngImage,gamingbarMaskImage,gameScene4ViewBg,game1btn1Image,game1btn2Image,game1btn3Image,optionBgImage,option5Image,option6Image,option7Image,sceneView2Image,sceneView3Image,game2btn1_1Image,game2btn1_2Image,game2btn2_1Image,game2btn2_2Image,game2btn3_1Image,game2btn3_2Image,game4Btn1Image,game4Btn2Image,game4Btn3Image,weixianImage"},
        {"name":"bgPic","keys":"word1Image,word2Image,gengduoyouxiImage,fenxiangImage,zailaiyiciImage,gameWinImage,gameWinOverImage,gameScene4ViewBgImage,gameOverBgImage,gameOver1Image,gameOver2Image,gameOver3Image,gameOver4Image,shareImage,binggan1Image,binggan2Image"},
        {"name":"animation","keys":"guanka001,guanka001_swf,guanka002,guanka002_swf,guanka003,guanka003_swf,guanka004,guanka004_swf,nvren,nvren_swf,timerNum,sorceNum,kuang,kuang_swf"},
        {"name":"sound","keys":"timewarningSound,semiclearSound,bgSound,clearSound,clickSound,correctSound,emptySound,endSound,errorSound,gameoverSound,readygoSound"}
	]
}