{
"file": "newAssets.png"
,
"frames": {
	"blackBg": {"x":160, "y":0, "w":80, "h":80, "offX":0,"offY":0,"sourceW":80,"sourceH":80},
	"btn01_down": {"x":0, "y":62, "w":159, "h":61, "offX":0,"offY":0,"sourceW":159,"sourceH":61},
	"btn01_up": {"x":0, "y":186, "w":159, "h":61, "offX":0,"offY":0,"sourceW":159,"sourceH":61},
	"btn02_down": {"x":0, "y":0, "w":159, "h":61, "offX":0,"offY":0,"sourceW":159,"sourceH":61},
	"btn02_up": {"x":0, "y":124, "w":159, "h":61, "offX":0,"offY":0,"sourceW":159,"sourceH":61},
	"fuhuo": {"x":160, "y":111, "w":69, "h":29, "offX":2,"offY":1,"sourceW":73,"sourceH":32},
	"jieshu": {"x":71, "y":248, "w":70, "h":29, "offX":2,"offY":1,"sourceW":73,"sourceH":32},
	"manxue": {"x":0, "y":248, "w":70, "h":29, "offX":2,"offY":1,"sourceW":74,"sourceH":32},
	"qingping": {"x":160, "y":81, "w":69, "h":29, "offX":2,"offY":1,"sourceW":73,"sourceH":32},
	"whiteBg": {"x":160, "y":141, "w":50, "h":50, "offX":0,"offY":0,"sourceW":50,"sourceH":50},
	"wudi": {"x":142, "y":248, "w":69, "h":29, "offX":2,"offY":1,"sourceW":73,"sourceH":32}

}}