{
	"member": [
		{
			"kind": "member",
			"type": "any",
			"name": "resultData",
			"memberof": "Data11011",
			"scope": "instance"
		},
		{
			"kind": "member",
			"type": "number",
			"name": "score",
			"memberof": "Data11011",
			"scope": "instance"
		}
	],
	"function": [],
	"globalMember": [],
	"globalFunction": [],
	"class": {
		"kind": "interface",
		"name": "Data11011",
		"memberof": "",
		"filename": "F:\\Test\\palmtop\\h5games\\2048\\code\\client\\client\\src\\sdk\\chushou\\ChushouDataModel.ts"
	}
}