{
	"member": [],
	"function": [
		{
			"kind": "function",
			"type": "void",
			"name": "createChildren",
			"memberof": "Main",
			"scope": "instance"
		},
		{
			"kind": "function",
			"name": "createGameScene",
			"memberof": "Main",
			"scope": "instance",
			"description": "创建场景界面Create scene interface"
		}
	],
	"globalMember": [],
	"globalFunction": [],
	"class": {
		"kind": "class",
		"name": "Main",
		"memberof": "",
		"filename": "F:\\Test\\palmtop\\h5games\\2048\\code\\client\\client\\src\\Main.ts",
		"description": "//////////////////////////////////////////////////////////////////////////////////////",
		"augments": []
	}
}