{
	"member": [],
	"function": [
		{
			"kind": "function",
			"name": "ModuleStartUp",
			"memberof": "ModuleStartUp",
			"scope": "instance"
		},
		{
			"kind": "function",
			"type": "number",
			"name": "init",
			"memberof": "ModuleStartUp",
			"scope": "static"
		}
	],
	"globalMember": [],
	"globalFunction": [],
	"class": {
		"kind": "class",
		"name": "ModuleStartUp",
		"memberof": "",
		"filename": "F:\\Test\\palmtop\\h5games\\2048\\code\\client\\client\\src\\module\\ModuleStartUp.ts"
	}
}