{
	"member": [
		{
			"kind": "member",
			"type": "eui.Image",
			"name": "img",
			"memberof": "MyButton",
			"scope": "instance"
		},
		{
			"kind": "member",
			"type": "eui.Label",
			"name": "label",
			"memberof": "MyButton",
			"scope": "instance"
		}
	],
	"function": [
		{
			"kind": "function",
			"name": "MyButton",
			"memberof": "MyButton",
			"scope": "instance"
		},
		{
			"kind": "function",
			"type": "number",
			"name": "onDestroy",
			"memberof": "ZJ.ComponentBase",
			"scope": "instance",
			"description": "正常处理返回0",
			"inherited": true,
			"inherits": "ZJ.ComponentBase"
		}
	],
	"globalMember": [],
	"globalFunction": [],
	"class": {
		"kind": "class",
		"name": "MyButton",
		"memberof": "",
		"filename": "F:\\Test\\palmtop\\h5games\\2048\\code\\client\\client\\src\\common\\component\\MyButton.ts",
		"augments": [
			"ZJ.ComponentBase"
		]
	}
}