{
	"member": [],
	"function": [
		{
			"kind": "function",
			"name": "TestView",
			"memberof": "TestView",
			"scope": "instance"
		},
		{
			"kind": "function",
			"type": "void",
			"name": "childrenCreated",
			"memberof": "TestView",
			"scope": "instance"
		},
		{
			"kind": "function",
			"type": "number",
			"name": "onDestory",
			"memberof": "TestView",
			"scope": "instance"
		},
		{
			"kind": "function",
			"type": "number",
			"name": "onDestroy",
			"memberof": "ZJ.ViewBase",
			"scope": "instance",
			"description": "销毁界面时会被调用，一般重写进行回收操作。返回0表示正常结束。【注意】全局事件必须remove（例如EventManager和ENTER_FRAME），timeout必须clear。",
			"inherited": true,
			"inherits": "ZJ.ViewBase"
		},
		{
			"kind": "function",
			"type": "void",
			"name": "onProgress",
			"memberof": "ZJ.ViewBase",
			"scope": "instance",
			"params": [
				{
					"name": "current",
					"type": "number",
					"description": ""
				},
				{
					"name": "total",
					"type": "number",
					"description": ""
				}
			],
			"inherited": true,
			"inherits": "ZJ.ViewBase"
		},
		{
			"kind": "function",
			"name": "setData",
			"memberof": "TestView",
			"scope": "instance",
			"params": [
				{
					"name": "data",
					"type": "any",
					"description": ""
				}
			]
		},
		{
			"kind": "function",
			"type": "void",
			"name": "show",
			"memberof": "ZJ.ViewBase",
			"scope": "instance",
			"inherited": true,
			"inherits": "ZJ.ViewBase"
		}
	],
	"globalMember": [],
	"globalFunction": [],
	"class": {
		"kind": "class",
		"name": "TestView",
		"memberof": "",
		"filename": "F:\\Test\\palmtop\\h5games\\2048\\code\\client\\client\\src\\module\\view\\TestView.ts",
		"augments": [
			"ZJ.ViewBase",
			"ZJ.ComponentBase"
		]
	}
}