{
	"member": [
		{
			"kind": "member",
			"type": "Array<number[]>",
			"name": "info",
			"memberof": "TetrisInfo",
			"scope": "instance"
		}
	],
	"function": [
		{
			"kind": "function",
			"name": "TetrisInfo",
			"memberof": "TetrisInfo",
			"scope": "instance",
			"params": [
				{
					"name": "info",
					"type": "Array<number[]>",
					"description": ""
				}
			]
		}
	],
	"globalMember": [],
	"globalFunction": [],
	"class": {
		"kind": "class",
		"name": "TetrisInfo",
		"memberof": "",
		"filename": "F:\\Test\\palmtop\\h5games\\2048\\code\\client\\client\\src\\module\\model\\TetrisInfo.ts"
	}
}