{
	"member": [],
	"function": [
		{
			"kind": "function",
			"name": "ShapeUtil",
			"memberof": "ZJ.ShapeUtil",
			"scope": "instance"
		},
		{
			"kind": "function",
			"type": "egret.Shape",
			"name": "getArc",
			"memberof": "ZJ.ShapeUtil",
			"scope": "static",
			"description": "弧锚点在圆心angle:角度",
			"params": [
				{
					"name": "color",
					"type": "number",
					"description": ""
				},
				{
					"name": "alpha",
					"type": "number",
					"description": ""
				},
				{
					"name": "thick",
					"type": "number",
					"description": ""
				},
				{
					"name": "r",
					"type": "number",
					"description": ""
				},
				{
					"name": "angleStart",
					"type": "number",
					"description": ""
				},
				{
					"name": "angleEnd",
					"type": "number",
					"description": ""
				},
				{
					"name": "anticlockwise",
					"type": "boolean",
					"default": "false",
					"description": ""
				},
				{
					"name": "x",
					"type": "number",
					"default": "0",
					"description": ""
				},
				{
					"name": "y",
					"type": "number",
					"default": "0",
					"description": ""
				}
			]
		},
		{
			"kind": "function",
			"type": "egret.Shape",
			"name": "getArch",
			"memberof": "ZJ.ShapeUtil",
			"scope": "static",
			"description": "拱形锚点在圆心angle:角度",
			"params": [
				{
					"name": "color",
					"type": "number",
					"description": ""
				},
				{
					"name": "alpha",
					"type": "number",
					"description": ""
				},
				{
					"name": "r",
					"type": "number",
					"description": ""
				},
				{
					"name": "angleStart",
					"type": "number",
					"description": ""
				},
				{
					"name": "angleEnd",
					"type": "number",
					"description": ""
				},
				{
					"name": "anticlockwise",
					"type": "boolean",
					"default": "false",
					"description": ""
				},
				{
					"name": "x",
					"type": "number",
					"default": "0",
					"description": ""
				},
				{
					"name": "y",
					"type": "number",
					"default": "0",
					"description": ""
				}
			]
		},
		{
			"kind": "function",
			"type": "egret.Shape",
			"name": "getCircle",
			"memberof": "ZJ.ShapeUtil",
			"scope": "static",
			"description": "圆锚点在圆心",
			"params": [
				{
					"name": "color",
					"type": "number",
					"description": ""
				},
				{
					"name": "alpha",
					"type": "number",
					"description": ""
				},
				{
					"name": "r",
					"type": "number",
					"description": ""
				},
				{
					"name": "x",
					"type": "number",
					"default": "0",
					"description": ""
				},
				{
					"name": "y",
					"type": "number",
					"default": "0",
					"description": ""
				}
			]
		},
		{
			"kind": "function",
			"type": "egret.Shape",
			"name": "getLine",
			"memberof": "ZJ.ShapeUtil",
			"scope": "static",
			"description": "线锚点在(0,0)。若需以一端做锚点（例如秒针旋转），则让线从(0,0)开始描绘，然后移至(xBegin,yBegin)。",
			"params": [
				{
					"name": "color",
					"type": "number",
					"description": ""
				},
				{
					"name": "alpha",
					"type": "number",
					"description": ""
				},
				{
					"name": "thick",
					"type": "number",
					"description": ""
				},
				{
					"name": "xBegin",
					"type": "number",
					"description": ""
				},
				{
					"name": "yBegin",
					"type": "number",
					"description": ""
				},
				{
					"name": "xEnd",
					"type": "number",
					"description": ""
				},
				{
					"name": "yEnd",
					"type": "number",
					"description": ""
				}
			]
		},
		{
			"kind": "function",
			"type": "egret.Shape",
			"name": "getRect",
			"memberof": "ZJ.ShapeUtil",
			"scope": "static",
			"description": "矩形锚点在左上角",
			"params": [
				{
					"name": "color",
					"type": "number",
					"description": ""
				},
				{
					"name": "alpha",
					"type": "number",
					"description": ""
				},
				{
					"name": "width",
					"type": "number",
					"description": ""
				},
				{
					"name": "height",
					"type": "number",
					"description": ""
				},
				{
					"name": "x",
					"type": "number",
					"default": "0",
					"description": ""
				},
				{
					"name": "y",
					"type": "number",
					"default": "0",
					"description": ""
				}
			]
		},
		{
			"kind": "function",
			"name": "setArcMask",
			"memberof": "ZJ.ShapeUtil",
			"scope": "static",
			"description": "帮物体创建扇形遮罩",
			"params": [
				{
					"name": "img",
					"type": "eui.Image",
					"description": ""
				},
				{
					"name": "radius",
					"type": "number",
					"description": ""
				},
				{
					"name": "angleStart",
					"type": "number",
					"description": ""
				},
				{
					"name": "value",
					"type": "number",
					"description": ""
				},
				{
					"name": "anticlockwise",
					"type": "boolean",
					"default": "false",
					"description": ""
				},
				{
					"name": "x",
					"type": "number",
					"default": "img.x",
					"description": ""
				},
				{
					"name": "y",
					"type": "number",
					"default": "img.y",
					"description": ""
				}
			]
		},
		{
			"kind": "function",
			"name": "setRectMask",
			"memberof": "ZJ.ShapeUtil",
			"scope": "static",
			"description": "帮物体创建矩形遮罩",
			"params": [
				{
					"name": "img",
					"type": "eui.Image",
					"description": ""
				},
				{
					"name": "x",
					"type": "number",
					"default": "img.x",
					"description": ""
				},
				{
					"name": "y",
					"type": "number",
					"default": "img.y",
					"description": ""
				},
				{
					"name": "width",
					"type": "number",
					"default": "img.width",
					"description": ""
				},
				{
					"name": "height",
					"type": "number",
					"default": "img.height",
					"description": ""
				}
			]
		}
	],
	"globalMember": [],
	"globalFunction": [],
	"class": {
		"kind": "class",
		"name": "ShapeUtil",
		"memberof": "ZJ",
		"filename": "F:\\Test\\palmtop\\h5games\\2048\\code\\client\\client\\src\\common\\ShapeUtil.ts",
		"description": "用于描绘简单图形，例如背景黑底，若需复杂图形请参考api自行描绘。"
	}
}