{
	"member": [
		{
			"kind": "member",
			"name": "x",
			"memberof": "ZJ.Vector3",
			"scope": "instance",
			"default": "0"
		},
		{
			"kind": "member",
			"name": "y",
			"memberof": "ZJ.Vector3",
			"scope": "instance",
			"default": "0"
		},
		{
			"kind": "member",
			"name": "z",
			"memberof": "ZJ.Vector3",
			"scope": "instance",
			"default": "0"
		}
	],
	"function": [
		{
			"kind": "function",
			"name": "Vector3",
			"memberof": "ZJ.Vector3",
			"scope": "instance",
			"params": [
				{
					"name": "x",
					"default": "0",
					"description": ""
				},
				{
					"name": "y",
					"default": "0",
					"description": ""
				},
				{
					"name": "z",
					"default": "0",
					"description": ""
				}
			]
		}
	],
	"globalMember": [],
	"globalFunction": [],
	"class": {
		"kind": "class",
		"name": "Vector3",
		"memberof": "ZJ",
		"filename": "F:\\Test\\palmtop\\h5games\\2048\\code\\client\\client\\src\\common\\Vector3.ts"
	}
}