{"mc":{"mc_mc3Btn3Efc":{"loop":false,"frames":[[["img_guanka003-sc/xiaoren002","img",-0.45,4.1,1,1,0,0,1,"",0]],[["img_guanka003-sc/xiaoren002","img",-0.45,4.1,1,1,0,0,1,"",0],["img_guanka003-sc/texiao001","img",-7.2,-4.9,1,1,0,0,1,"",0]],[["img_guanka003-sc/xiaoren002","img",-0.45,6.6,1,0.9809112548828125,0,0,1,"",0],["img_guanka003-sc/texiao002","img",-6.65,-4.05,1,1,-90,-90,1,"",0]],[["img_guanka003-sc/xiaoren002","img",-0.45,4.3,1,0.9904632568359375,0,0,0.8984375,"",0],["img_guanka003-sc/texiao003","img",3.1,-8.55,1,1,0,0,1,"",0]],[["img_guanka003-sc/xiaoren002","img",-0.45,2.1,1,1,0,0,0.80078125,"",0],["img_guanka003-sc/texiao004","img",4.1,-10.85,1,1,0,0,1,"",0]],[["img_guanka003-sc/xiaoren002","img",-0.45,3.1,1,1,0,0,0.3984375,"",0],["img_guanka003-sc/texiao005","img",5.35,-10.1,1,1,0,0,1,"",0]],[]],"labels":[["1",0,6]],"frameEvents":{},"objCount":{"img_guanka003-sc/texiao002":["img",1],"img_guanka003-sc/texiao005":["img",1],"img_guanka003-sc/texiao001":["img",1],"img_guanka003-sc/xiaoren002":["img",1],"img_guanka003-sc/texiao003":["img",1],"img_guanka003-sc/texiao004":["img",1]}},"mc_mc3Btn2EfcW":{"loop":false,"frames":[[["img_guanka003+sc/xxx","img",0,0,1,1,0,0,1,"",0]],[["img_guanka003+sc/xxx","img",-2,0,1,1,0,0,1,"",0]],[["img_guanka003+sc/xxx","img",2,0,1,1,0,0,1,"",0]],[["img_guanka003+sc/xxx","img",-2.5,0,1,1,0,0,1,"",0]],[["img_guanka003+sc/xxx","img",3,0,1,1,0,0,1,"",0]],[["img_guanka003+sc/xxx","img",-2.5,0,1,1,0,0,1,"",0]],[["img_guanka003+sc/xxx","img",0,0,1,1,0,0,1,"",0]]],"labels":[["1",0,6]],"frameEvents":{},"objCount":{"img_guanka003+sc/xxx":["img",1]}},"mc_mc3Btn1EfcW":{"loop":false,"frames":[[["img_guanka003+sc/xr111","img",0,0,1,1,0,0,1,"",0]],[["img_guanka003+sc/xr111","img",-2.5,0,1,1,0,0,1,"",0]],[["img_guanka003+sc/xr111","img",2.5,0,1,1,0,0,1,"",0]],[["img_guanka003+sc/xr111","img",-4,0,1,1,0,0,1,"",0]],[["img_guanka003+sc/xr111","img",4.5,0,1,1,0,0,1,"",0]],[["img_guanka003+sc/xr111","img",-3,0,1,1,0,0,1,"",0]],[["img_guanka003+sc/xr111","img",0,0,1,1,0,0,1,"",0]]],"labels":[["1",0,6]],"frameEvents":{},"objCount":{"img_guanka003+sc/xr111":["img",1]}},"mc_mc3Btn3EfcW":{"loop":false,"frames":[[["img_guanka003+sc/xa","img",0,0,1,1,0,0,1,"",0]],[["img_guanka003+sc/xa","img",-1.5,0,1,1,0,0,1,"",0]],[["img_guanka003+sc/xa","img",2,0,1,1,0,0,1,"",0]],[["img_guanka003+sc/xa","img",-3,0,1,1,0,0,1,"",0]],[["img_guanka003+sc/xa","img",3,0,1,1,0,0,1,"",0]],[["img_guanka003+sc/xa","img",-2.5,0,1,1,0,0,1,"",0]],[["img_guanka003+sc/xa","img",0,0,1,1,0,0,1,"",0]]],"labels":[["1",0,6]],"frameEvents":{},"objCount":{"img_guanka003+sc/xa":["img",1]}},"mc_mc3Btn2Efc":{"loop":false,"frames":[[["img_guanka003-sc/zhongxing01","img",4.25,0.4,1,1,0,0,1,"",0]],[["img_guanka003-sc/zhongxing01","img",4.25,2.4,1.00537109375,0.9849853515625,0,0,1,"",0],["img_guanka003-sc/texiao001","img",-7.2,1.1,1,1,0,0,1,"",0]],[["img_guanka003-sc/zhongxing01","img",4.25,4.4,1.0107421875,0.969970703125,0,0,1,"",0],["img_guanka003-sc/texiao002","img",-6.65,1.95,1,1,-90,-90,1,"",0]],[["img_guanka003-sc/zhongxing01","img",4.3,1.6,1.0053558349609375,0.9850006103515625,0,0,0.8984375,"",0],["img_guanka003-sc/texiao003","img",3.1,-2.55,1,1,0,0,1,"",0]],[["img_guanka003-sc/zhongxing01","img",4.25,-1.1,1,1,0,0,0.80078125,"",0],["img_guanka003-sc/texiao004","img",4.1,-4.85,1,1,0,0,1,"",0]],[["img_guanka003-sc/zhongxing01","img",4.25,-0.35,1,1,0,0,0.3984375,"",0],["img_guanka003-sc/texiao005","img",5.35,-4.1,1,1,0,0,1,"",0]],[]],"labels":[["1",0,6]],"frameEvents":{},"objCount":{"img_guanka003-sc/texiao002":["img",1],"img_guanka003-sc/texiao001":["img",1],"img_guanka003-sc/zhongxing01":["img",1],"img_guanka003-sc/texiao005":["img",1],"img_guanka003-sc/texiao003":["img",1],"img_guanka003-sc/texiao004":["img",1]}},"mc_mc3Btn1Efc":{"loop":false,"frames":[[["img_guanka003-sc/gezixin01","img",-5.6,-1.4,1,1,0,0,1,"",0]],[["img_guanka003-sc/gezixin01","img",-5.6,0.6,1.0060272216796875,0.99383544921875,0,0,1,"",0],["img_guanka003-sc/texiao001","img",-8.2,0.1,1,1,0,0,1,"",0]],[["img_guanka003-sc/gezixin01","img",-5.6,2.6,1.012054443359375,0.9876556396484375,0,0,1,"",0],["img_guanka003-sc/texiao002","img",-7.65,0.95,1,1,-90,-90,1,"",0]],[["img_guanka003-sc/gezixin01","img",-5.55,-0.95,1.006011962890625,0.99383544921875,0,0,0.8984375,"",0],["img_guanka003-sc/texiao003","img",2.1,-3.55,1,1,0,0,1,"",0]],[["img_guanka003-sc/gezixin01","img",-5.6,-4.4,1,1,0,0,0.80078125,"",0],["img_guanka003-sc/texiao004","img",3.1,-5.85,1,1,0,0,1,"",0]],[["img_guanka003-sc/gezixin01","img",-5.6,-2.9,1,1,0,0,0.3984375,"",0],["img_guanka003-sc/texiao005","img",4.35,-5.1,1,1,0,0,1,"",0]],[]],"labels":[["1",0,6]],"frameEvents":{},"objCount":{"img_guanka003-sc/texiao002":["img",1],"img_guanka003-sc/texiao001":["img",1],"img_guanka003-sc/gezixin01":["img",1],"img_guanka003-sc/texiao005":["img",1],"img_guanka003-sc/texiao003":["img",1],"img_guanka003-sc/texiao004":["img",1]}}},"shapeImg":{},"spr":{},"btn":{},"comp":{},"s9":{},"particle":{},"img":{"img_guanka003-sc/texiao001":[44.25,40],"img_guanka003+sc/xr111":[45.75,52.85],"img_guanka003-sc/texiao005":[86.25,72.75],"img_guanka003-sc/texiao007":[84.55,82.6],"img_guanka003-sc/texiao003":[76.05,62.5],"img_guanka003+sc/xa":[43.25,42.75],"img_guanka003-sc/texiao002":[54.05,63.5],"img_guanka003-sc/zhongxing01":[46.55,49.95],"img_guanka003+sc/xxx":[46.5,45.6],"img_guanka003-sc/gezixin01":[41.5,40.55],"img_guanka003-sc/xiaoren002":[46,54.1],"img_guanka003-sc/texiao004":[81.5,68.5],"img_guanka003-sc/texiao006":[91.25,77.5]}}