{"frames":{"img_guanka003-sc/texiao001":{"offY":-4,"y":404,"h":72,"offX":-1,"w":85,"x":85},"img_guanka003+sc/xr111":{"offY":-1,"y":300,"h":104,"offX":-1,"w":89,"x":175},"img_guanka003-sc/texiao005":{"offY":0,"y":156,"h":145,"offX":0,"w":173,"x":0},"img_guanka003-sc/texiao007":{"offY":-3,"y":0,"h":161,"offX":-2,"w":167,"x":184},"img_guanka003-sc/texiao003":{"offY":0,"y":0,"h":125,"offX":0,"w":150,"x":353},"img_guanka003+sc/xa":{"offY":-1,"y":360,"h":82,"offX":-2,"w":82,"x":353},"img_guanka003-sc/texiao002":{"offY":-2,"y":127,"h":122,"offX":0,"w":106,"x":353},"img_guanka003-sc/zhongxing01":{"offY":0,"y":303,"h":99,"offX":0,"w":93,"x":0},"img_guanka003+sc/xxx":{"offY":0,"y":360,"h":91,"offX":-5,"w":85,"x":266},"img_guanka003-sc/gezixin01":{"offY":-1,"y":404,"h":80,"offX":0,"w":83,"x":0},"img_guanka003-sc/xiaoren002":{"offY":0,"y":251,"h":107,"offX":-2,"w":90,"x":337},"img_guanka003-sc/texiao004":{"offY":-2,"y":163,"h":135,"offX":-1,"w":160,"x":175},"img_guanka003-sc/texiao006":{"offY":-1,"y":0,"h":154,"offX":0,"w":182,"x":0}},"file":"guanka003.png"}