{"img":{"img_guanka001-sc/texiao006":[91.25,77.5],"img_guanka001-sc/daizi1":[49.25,46.85],"img_guanka001-sc/jidanyingzi":[53.25,42.75],"img_guanka001-sc/texiao005":[86.25,72.75],"img_guanka001-sc/budingyingzi":[54.1,37.1],"img_guanka001-sc/jidan002":[57.1,43.55],"img_guanka001-sc/texiao004":[81.5,68.5],"img_guanka001-sc/buding002":[58.25,40.2],"img_guanka001-sc/jidan001":[58.1,43.9],"img_guanka001-sc/texiao003":[76.05,62.5],"img_guanka001-sc/buding001":[61.75,44.05],"img_guanka001-sc/daiziying":[47.75,43.7],"img_guanka001-sc/texiao002":[54.05,63.5],"img_guanka001-sc/texiao007":[84.55,82.6],"img_guanka001-sc/daizi2":[49,48.35],"img_guanka001-sc/texiao001":[44.25,40]},"s9":{},"mc":{"mc_mc1Btn3Efc":{"frames":[[["img_guanka001-sc/budingyingzi","img",-1.65,-3,1,1,0,0,1,"",0]],[["img_guanka001-sc/budingyingzi","img",-1.65,0,1,1,0,0,1,"",0],["img_guanka001-sc/buding001","img",0.75,8.05,1,1.05682373046875,0,0,0.26953125,"",0]],[["img_guanka001-sc/budingyingzi","img",-1.65,0,1,1,0,0,0.0390625,"",0],["img_guanka001-sc/buding001","img",0.75,-2.95,1,1,0,0,1,"",0],["img_guanka001-sc/texiao002","img",-7.65,-4.05,1,1,-90,-90,1,"",0]],[["img_guanka001-sc/buding001","img",0.75,-11.2,1,1,0,0,1,"",0],["img_guanka001-sc/texiao003","img",2.1,-8.55,1,1,0,0,1,"",0]],[["img_guanka001-sc/buding001","img",0.75,-6.2,1,1,0,0,1,"",0],["img_guanka001-sc/texiao005","img",4.35,-10.1,1,1,0,0,1,"",0]],[["img_guanka001-sc/buding002","img",-3.05,3.4,1.008575439453125,0.9564666748046875,0,0,1,"",0]],[["img_guanka001-sc/buding002","img",-4.05,-1.1,1,1,0,0,1,"",0]]],"loop":false,"objCount":{"img_guanka001-sc/texiao002":["img",1],"img_guanka001-sc/texiao003":["img",1],"img_guanka001-sc/buding001":["img",1],"img_guanka001-sc/texiao005":["img",1],"img_guanka001-sc/budingyingzi":["img",1],"img_guanka001-sc/buding002":["img",1]},"labels":[["1",0,6]],"frameEvents":{}},"mc_mc1Btn1Efc":{"frames":[[["img_guanka001-sc/daiziying","img",4.6,-2.5,1,1,0,0,1,"",0]],[["img_guanka001-sc/daiziying","img",4.6,-2.5,1,1,0,0,1,"",0],["img_guanka001-sc/daizi1","img",5.35,5.75,1,1,0,0,0.26953125,"",0],["img_guanka001-sc/texiao001","img",-4.2,-0.9,1,1,0,0,1,"",0]],[["img_guanka001-sc/daiziying","img",4.6,-2.5,1,1,0,0,0.0390625,"",0],["img_guanka001-sc/daizi1","img",5.35,-4.25,1,1,0,0,1,"",0],["img_guanka001-sc/texiao002","img",-3.65,-0.05,1,1,-90,-90,1,"",0]],[["img_guanka001-sc/daizi1","img",5.35,-10.25,1,1,0,0,1,"",0],["img_guanka001-sc/texiao003","img",6.1,-4.55,1,1,0,0,1,"",0]],[["img_guanka001-sc/daizi1","img",5.35,-6.25,1,1,0,0,1,"",0],["img_guanka001-sc/texiao005","img",8.35,-6.1,1,1,0,0,1,"",0]],[["img_guanka001-sc/daizi2","img",5.6,-0.75,1.0458984375,0.9639739990234375,0,0,1,"",0]],[["img_guanka001-sc/daizi2","img",5.6,-2.75,1,1,0,0,1,"",0]]],"loop":false,"objCount":{"img_guanka001-sc/daizi1":["img",1],"img_guanka001-sc/texiao005":["img",1],"img_guanka001-sc/daiziying":["img",1],"img_guanka001-sc/texiao002":["img",1],"img_guanka001-sc/texiao003":["img",1],"img_guanka001-sc/daizi2":["img",1],"img_guanka001-sc/texiao001":["img",1]},"labels":[["1",0,6]],"frameEvents":{}},"mc_mc1Btn2Efc":{"frames":[[["img_guanka001-sc/jidanyingzi","img",-1.25,-2.2,1,1,0,0,1,"",0]],[["img_guanka001-sc/jidanyingzi","img",-0.25,-5.2,1,1,0,0,1,"",0],["img_guanka001-sc/jidan001","img",3.4,3.2,1,1,0,0,0.26953125,"",0],["img_guanka001-sc/texiao001","img",-4.2,-4.9,1,1,0,0,1,"",0]],[["img_guanka001-sc/jidanyingzi","img",-0.25,-5.2,1,1,0,0,0.0390625,"",0],["img_guanka001-sc/jidan001","img",3.4,-14.3,1,1,0,0,1,"",0],["img_guanka001-sc/texiao002","img",-3.65,-4.05,1,1,-90,-90,1,"",0]],[["img_guanka001-sc/jidan001","img",3.4,-18.3,1,1,0,0,1,"",0],["img_guanka001-sc/texiao003","img",6.1,-8.55,1,1,0,0,1,"",0]],[["img_guanka001-sc/jidan001","img",3.4,-9.3,1,1,0,0,1,"",0],["img_guanka001-sc/texiao007","img",14.15,-10.75,1,1,0,0,1,"",0]],[["img_guanka001-sc/jidan002","img",0.4,1.05,1.01751708984375,0.9655609130859375,0,0,1,"",0]],[["img_guanka001-sc/jidan002","img",0.4,-0.95,1,1,0,0,1,"",0]]],"loop":false,"objCount":{"img_guanka001-sc/jidan001":["img",1],"img_guanka001-sc/texiao003":["img",1],"img_guanka001-sc/jidanyingzi":["img",1],"img_guanka001-sc/texiao002":["img",1],"img_guanka001-sc/texiao007":["img",1],"img_guanka001-sc/jidan002":["img",1],"img_guanka001-sc/texiao001":["img",1]},"labels":[["1",0,6]],"frameEvents":{}}},"spr":{},"shapeImg":{},"btn":{},"comp":{},"particle":{}}