{"frames":{"img_guanka001-sc/texiao006":{"offX":0,"offY":-1,"h":154,"y":0,"w":182,"x":0},"img_guanka001-sc/daizi1":{"offX":0,"offY":-1,"h":93,"y":392,"w":99,"x":0},"img_guanka001-sc/jidanyingzi":{"offX":0,"offY":-1,"h":85,"y":347,"w":113,"x":300},"img_guanka001-sc/texiao005":{"offX":0,"offY":0,"h":145,"y":156,"w":173,"x":0},"img_guanka001-sc/budingyingzi":{"offX":0,"offY":0,"h":74,"y":436,"w":107,"x":332},"img_guanka001-sc/jidan002":{"offX":0,"offY":0,"h":87,"y":303,"w":113,"x":0},"img_guanka001-sc/texiao004":{"offX":-1,"offY":-2,"h":135,"y":163,"w":160,"x":175},"img_guanka001-sc/buding002":{"offX":-2,"offY":0,"h":80,"y":386,"w":115,"x":115},"img_guanka001-sc/jidan001":{"offX":0,"offY":0,"h":94,"y":251,"w":114,"x":337},"img_guanka001-sc/texiao003":{"offX":0,"offY":0,"h":125,"y":0,"w":150,"x":353},"img_guanka001-sc/buding001":{"offX":-1,"offY":-1,"h":84,"y":300,"w":123,"x":175},"img_guanka001-sc/daiziying":{"offX":0,"offY":0,"h":87,"y":347,"w":94,"x":415},"img_guanka001-sc/texiao002":{"offX":0,"offY":-2,"h":122,"y":127,"w":106,"x":353},"img_guanka001-sc/texiao007":{"offX":-2,"offY":-3,"h":161,"y":0,"w":167,"x":184},"img_guanka001-sc/daizi2":{"offX":0,"offY":-4,"h":92,"y":434,"w":98,"x":232},"img_guanka001-sc/texiao001":{"offX":-1,"offY":-4,"h":72,"y":468,"w":85,"x":101}},"file":"guanka001.png"}