{"frames":{"img_niao-sc/niaoqifei001":{"y":82,"offY":-1,"h":93,"offX":-2,"w":93,"x":223},"img_niao-sc/niaofei005":{"y":0,"offY":-5,"h":80,"offX":-1,"w":109,"x":223},"img_niao-sc/niaofei001":{"y":0,"offY":-1,"h":82,"offX":0,"w":112,"x":0},"img_niao-sc/niaofei004":{"y":84,"offY":-1,"h":80,"offX":-1,"w":102,"x":0},"img_niao-sc/niaoqifei002":{"y":0,"offY":-1,"h":86,"offX":-1,"w":107,"x":114},"img_niao-sc/niaofei":{"y":83,"offY":-1,"h":80,"offX":0,"w":104,"x":318},"img_niao-sc/niaofei002":{"y":0,"offY":-1,"h":81,"offX":0,"w":108,"x":334},"img_niao-sc/niaofei003":{"y":88,"offY":-1,"h":79,"offX":-4,"w":98,"x":104},"img_niao-sc/niaojifei":{"y":83,"offY":-2,"h":63,"offX":-1,"w":78,"x":424}},"file":"niao.png"}