{"spr":{},"btn":{},"particle":{},"comp":{},"mc":{"mc_niao":{"loop":true,"objCount":{"img_niao-sc/niaoqifei001":["img",1],"img_niao-sc/niaofei005":["img",1],"img_niao-sc/niaofei001":["img",1],"img_niao-sc/niaofei004":["img",1],"img_niao-sc/niaojifei":["img",1],"img_niao-sc/niaofei":["img",1],"img_niao-sc/niaofei002":["img",1],"img_niao-sc/niaofei003":["img",1],"img_niao-sc/niaoqifei002":["img",1]},"labels":[["run",0,9],["jump",10,20],["die",21,21]],"frames":[[["img_niao-sc/niaofei001","img",12.95,7.25,1,1,0,0,1,"",0]],[["img_niao-sc/niaofei001","img",12.95,7.25,1,1,0,0,1,"",0]],[["img_niao-sc/niaofei002","img",13.05,7.95,1,1,0,0,1,"",0]],[["img_niao-sc/niaofei002","img",13.05,7.95,1,1,0,0,1,"",0]],[["img_niao-sc/niaofei003","img",7.9,10.65,1,1,0,0,1,"",0]],[["img_niao-sc/niaofei003","img",7.9,10.65,1,1,0,0,1,"",0]],[["img_niao-sc/niaofei004","img",12,11.3,1,1,0,0,1,"",0]],[["img_niao-sc/niaofei004","img",12,11.3,1,1,0,0,1,"",0]],[["img_niao-sc/niaofei005","img",12.5,6,1,1,0,0,1,"",0]],[["img_niao-sc/niaofei005","img",12.5,6,1,1,0,0,1,"",0]],[["img_niao-sc/niaoqifei001","img",18.75,3.3,1,1,0,0,1,"",0]],[["img_niao-sc/niaoqifei001","img",18.75,3.3,1,1,0,0,1,"",0]],[["img_niao-sc/niaoqifei002","img",12.45,-3.7,1,1,0,0,1,"",0]],[["img_niao-sc/niaoqifei002","img",12.45,-3.7,1,1,0,0,1,"",0]],[["img_niao-sc/niaofei","img",11.8,6.75,1,1,0,0,1,"",0]],[["img_niao-sc/niaofei","img",11.8,6.75,1,1,0,0,1,"",0]],[["img_niao-sc/niaofei","img",11.8,6.75,1,1,0,0,1,"",0]],[["img_niao-sc/niaofei","img",11.8,6.75,1,1,0,0,1,"",0]],[["img_niao-sc/niaofei","img",11.8,6.75,1,1,0,0,1,"",0]],[["img_niao-sc/niaofei","img",11.8,6.75,1,1,0,0,1,"",0]],[["img_niao-sc/niaofei","img",11.8,6.75,1,1,0,0,1,"",0]],[["img_niao-sc/niaojifei","img",-2.9,-0.35,1,1,0,0,1,"",0]]],"frameEvents":{}}},"shapeImg":{},"img":{"img_niao-sc/niaoqifei001":[54.8,48.2],"img_niao-sc/niaofei005":[55.1,42.7],"img_niao-sc/niaofei001":[56.4,41.75],"img_niao-sc/niaofei004":[51.5,42.7],"img_niao-sc/niaoqifei002":[54.45,44.1],"img_niao-sc/niaofei":[51.8,40.9],"img_niao-sc/niaofei002":[54.6,41.1],"img_niao-sc/niaofei003":[50.8,43.35],"img_niao-sc/niaojifei":[43.55,32.15]},"s9":{}}