{"mc":{
	"turretskin3":{
		"frameRate":24,
		"frames":[
			
			{
			"res":"FC19E109",
			"x":0,
			"y":0
			},
			{
			"res":"A2240279",
			"x":0,
			"y":0
			},
			{
			"res":"85DC4E06",
			"x":0,
			"y":0
			},
			{
			"res":"91D36775",
			"x":0,
			"y":0
			},
			{
			"res":"F2D18AFA",
			"x":0,
			"y":0
			},
			{
			"res":"39F05018",
			"x":0,
			"y":0
			},
			{
			"res":"BBA4DFF1",
			"x":0,
			"y":0
			},
			{
			"res":"C3F6344B",
			"x":0,
			"y":0
			},
			{
			"res":"6720E6D3",
			"x":0,
			"y":0
			},
			{
			"res":"4862E35",
			"x":0,
			"y":0
			},
			{
			"res":"36F80623",
			"x":0,
			"y":0
			},
			{
			"res":"AA560515",
			"x":0,
			"y":0
			},
			{
			"res":"2EBD1716",
			"x":0,
			"y":0
			},
			{
			"res":"64D6B1AB",
			"x":0,
			"y":0
			},
			{
			"res":"C49905EA",
			"x":0,
			"y":0
			},
			{
			"res":"87C929D2",
			"x":0,
			"y":0
			},
			{
			"res":"832A762F",
			"x":0,
			"y":0
			},
			{
			"res":"8AD47D2F",
			"x":0,
			"y":0
			},
			{
			"res":"DDBCF956",
			"x":0,
			"y":0
			},
			{
			"res":"4EA16632",
			"x":0,
			"y":0
			},
			{
			"res":"FFE6750E",
			"x":0,
			"y":0
			},
			{
			"res":"85A05F77",
			"x":0,
			"y":0
			},
			{
			"res":"77B1C8B",
			"x":0,
			"y":0
			},
			{
			"res":"2AC8FC66",
			"x":0,
			"y":0
			},
			{
			"res":"D770D846",
			"x":0,
			"y":0
			},
			{
			"res":"234C1C84",
			"x":0,
			"y":0
			},
			{
			"res":"1E5E2FA3",
			"x":0,
			"y":0
			},
			{
			"res":"4B20B2B4",
			"x":0,
			"y":0
			},
			{
			"res":"6AA71916",
			"x":0,
			"y":0
			},
			{
			"res":"9423835A",
			"x":0,
			"y":0
			},
			{
			"res":"ED5AE8ED",
			"x":0,
			"y":0
			},
			{
			"res":"29F01984",
			"x":0,
			"y":0
			},
			{
			"res":"11BD139",
			"x":0,
			"y":0
			},
			{
			"res":"6AFA782E",
			"x":0,
			"y":0
			},
			{
			"res":"A2120979",
			"x":0,
			"y":0
			},
			{
			"res":"7FA54A4B",
			"x":0,
			"y":0
			},
			{
			"res":"F6DA7851",
			"x":0,
			"y":0
			},
			{
			"res":"B3AAB69B",
			"x":0,
			"y":0
			},
			{
			"res":"63F202F2",
			"x":0,
			"y":0
			},
			{
			"res":"A513CF6",
			"x":0,
			"y":0
			},
			{
			"res":"8CFB23B0",
			"x":0,
			"y":0
			},
			{
			"res":"568779B5",
			"x":0,
			"y":0
			},
			{
			"res":"B63DBE2F",
			"x":0,
			"y":0
			},
			{
			"res":"6DB1EE0D",
			"x":0,
			"y":0
			},
			{
			"res":"5336B848",
			"x":0,
			"y":0
			},
			{
			"res":"640E178A",
			"x":0,
			"y":0
			},
			{
			"res":"C3B2557B",
			"x":0,
			"y":0
			},
			{
			"res":"9E81FDF8",
			"x":0,
			"y":0
			},
			{
			"res":"1D48A270",
			"x":0,
			"y":0
			},
			{
			"res":"974D4612",
			"x":0,
			"y":0
			},
			{
			"res":"3A6BE54D",
			"x":0,
			"y":0
			},
			{
			"res":"271A0A8B",
			"x":0,
			"y":0
			},
			{
			"res":"23344F80",
			"x":0,
			"y":0
			},
			{
			"res":"C1E9D70E",
			"x":0,
			"y":0
			},
			{
			"res":"C9D92DF3",
			"x":0,
			"y":0
			},
			{
			"res":"8BFB48CB",
			"x":0,
			"y":0
			},
			{
			"res":"5742AC17",
			"x":0,
			"y":0
			},
			{
			"res":"F3288488",
			"x":0,
			"y":0
			},
			{
			"res":"C639F9C7",
			"x":0,
			"y":0
			},
			{
			"res":"695465D5",
			"x":0,
			"y":0
			},
			{
			"res":"2200E639",
			"x":0,
			"y":0
			},
			{
			"res":"9B00EA40",
			"x":0,
			"y":0
			},
			{
			"res":"EEAD5848",
			"x":0,
			"y":0
			},
			{
			"res":"D6551F17",
			"x":0,
			"y":0
			},
			{
			"res":"91D6EBDF",
			"x":0,
			"y":0
			},
			{
			"res":"89D881BE",
			"x":0,
			"y":0
			},
			{
			"res":"72D80780",
			"x":0,
			"y":0
			},
			{
			"res":"78CBC08D",
			"x":0,
			"y":0
			},
			{
			"res":"5D91B46B",
			"x":0,
			"y":0
			},
			{
			"res":"5450A58F",
			"x":0,
			"y":0
			},
			{
			"res":"A410B717",
			"x":0,
			"y":0
			},
			{
			"res":"8454CAEF",
			"x":0,
			"y":0
			}
			]
}},
	"res":{
		"FC19E109":{"x":1,"y":1,"w":48,"h":72},
		"A2240279":{"x":1,"y":75,"w":48,"h":72},
		"85DC4E06":{"x":1,"y":149,"w":48,"h":72},
		"91D36775":{"x":1,"y":223,"w":48,"h":72},
		"F2D18AFA":{"x":1,"y":297,"w":48,"h":72},
		"39F05018":{"x":1,"y":371,"w":48,"h":72},
		"BBA4DFF1":{"x":51,"y":1,"w":48,"h":72},
		"C3F6344B":{"x":51,"y":75,"w":48,"h":72},
		"6720E6D3":{"x":51,"y":149,"w":48,"h":72},
		"4862E35":{"x":51,"y":223,"w":48,"h":72},
		"36F80623":{"x":51,"y":297,"w":48,"h":72},
		"AA560515":{"x":51,"y":371,"w":48,"h":72},
		"2EBD1716":{"x":101,"y":1,"w":48,"h":72},
		"64D6B1AB":{"x":101,"y":75,"w":48,"h":72},
		"C49905EA":{"x":101,"y":149,"w":48,"h":72},
		"87C929D2":{"x":101,"y":223,"w":48,"h":72},
		"832A762F":{"x":101,"y":297,"w":48,"h":72},
		"8AD47D2F":{"x":101,"y":371,"w":48,"h":72},
		"DDBCF956":{"x":151,"y":1,"w":48,"h":72},
		"4EA16632":{"x":151,"y":75,"w":48,"h":72},
		"FFE6750E":{"x":151,"y":149,"w":48,"h":72},
		"85A05F77":{"x":151,"y":223,"w":48,"h":72},
		"77B1C8B":{"x":151,"y":297,"w":48,"h":72},
		"2AC8FC66":{"x":151,"y":371,"w":48,"h":72},
		"D770D846":{"x":201,"y":1,"w":48,"h":72},
		"234C1C84":{"x":201,"y":75,"w":48,"h":72},
		"1E5E2FA3":{"x":201,"y":149,"w":48,"h":72},
		"4B20B2B4":{"x":201,"y":223,"w":48,"h":72},
		"6AA71916":{"x":201,"y":297,"w":48,"h":72},
		"9423835A":{"x":201,"y":371,"w":48,"h":72},
		"ED5AE8ED":{"x":251,"y":1,"w":48,"h":72},
		"29F01984":{"x":251,"y":75,"w":48,"h":72},
		"11BD139":{"x":251,"y":149,"w":48,"h":72},
		"6AFA782E":{"x":251,"y":223,"w":48,"h":72},
		"A2120979":{"x":251,"y":297,"w":48,"h":72},
		"7FA54A4B":{"x":251,"y":371,"w":48,"h":72},
		"F6DA7851":{"x":301,"y":1,"w":48,"h":72},
		"B3AAB69B":{"x":301,"y":75,"w":48,"h":72},
		"63F202F2":{"x":301,"y":149,"w":48,"h":72},
		"A513CF6":{"x":301,"y":223,"w":48,"h":72},
		"8CFB23B0":{"x":301,"y":297,"w":48,"h":72},
		"568779B5":{"x":301,"y":371,"w":48,"h":72},
		"B63DBE2F":{"x":351,"y":1,"w":48,"h":72},
		"6DB1EE0D":{"x":351,"y":75,"w":48,"h":72},
		"5336B848":{"x":351,"y":149,"w":48,"h":72},
		"640E178A":{"x":351,"y":223,"w":48,"h":72},
		"C3B2557B":{"x":351,"y":297,"w":48,"h":72},
		"9E81FDF8":{"x":351,"y":371,"w":48,"h":72},
		"1D48A270":{"x":401,"y":1,"w":48,"h":72},
		"974D4612":{"x":401,"y":75,"w":48,"h":72},
		"3A6BE54D":{"x":401,"y":149,"w":48,"h":72},
		"271A0A8B":{"x":401,"y":223,"w":48,"h":72},
		"23344F80":{"x":401,"y":297,"w":48,"h":72},
		"C1E9D70E":{"x":401,"y":371,"w":48,"h":72},
		"C9D92DF3":{"x":451,"y":1,"w":48,"h":72},
		"8BFB48CB":{"x":451,"y":75,"w":48,"h":72},
		"5742AC17":{"x":451,"y":149,"w":48,"h":72},
		"F3288488":{"x":451,"y":223,"w":48,"h":72},
		"C639F9C7":{"x":451,"y":297,"w":48,"h":72},
		"695465D5":{"x":451,"y":371,"w":48,"h":72},
		"2200E639":{"x":501,"y":1,"w":48,"h":72},
		"9B00EA40":{"x":501,"y":75,"w":48,"h":72},
		"EEAD5848":{"x":501,"y":149,"w":48,"h":72},
		"D6551F17":{"x":501,"y":223,"w":48,"h":72},
		"91D6EBDF":{"x":501,"y":297,"w":48,"h":72},
		"89D881BE":{"x":501,"y":371,"w":48,"h":72},
		"72D80780":{"x":551,"y":1,"w":48,"h":72},
		"78CBC08D":{"x":551,"y":75,"w":48,"h":72},
		"5D91B46B":{"x":551,"y":149,"w":48,"h":72},
		"5450A58F":{"x":551,"y":223,"w":48,"h":72},
		"A410B717":{"x":551,"y":297,"w":48,"h":72},
		"8454CAEF":{"x":551,"y":371,"w":48,"h":72}
	}}